Customer Name,Product,Amount,Price,Location,Date,Sales Rep,Region,Product Category,Payment Method
Norma Fisher,interview,45,253.91,East Lauren,2024-02-19,Henry Dean,South,Clothing,Cash
Jorge Sullivan,property,48,294.73,Jessicaport,2024-02-11,Megan Robinson,South,Food,Debit Card
Elizabeth Woods,difficult,65,128.36,South Rachel,2024-02-01,Angela Ibarra,North,Books,Online Payment
Susan Wagner,benefit,68,92.82,Port Sandra,2024-01-23,Christopher Joyce,West,Books,Credit Card
Peter Montgomery,key,68,431.19,North Tim,2024-02-22,Richard Turner,West,Food,Cash
Theodore Mcgrath,top,10,38.68,West Ronald,2024-03-04,Lisa Smith,North,Furniture,Credit Card
Stephanie Collins,example,84,240.6,Sarahville,2024-04-16,Amy Snow,East,Food,Credit Card
Stephanie Sutton,yet,22,66.76,South Lisa,2024-01-04,Natasha Kramer,North,Food,Cash
Brian Hamilton,mention,37,233.96,Williamland,2024-03-07,Cory Thomas,West,Books,Credit Card
Susan Levy,lay,88,490.18,Moralesfort,2024-04-08,Amanda Martin,North,Electronics,Online Payment
Sean Green,relationship,71,217.62,Lorraineport,2024-07-01,Alison Cherry DVM,South,Food,Online Payment
Kimberly Smith,mind,89,429.99,Thomaston,2024-01-01,Abigail Morales,South,Books,Cash
Jennifer Summers,very,89,67.48,Vaughnland,2024-01-30,Nancy Tran,North,Furniture,Credit Card
April Snyder,however,13,142.91,Watkinsland,2024-03-10,Michelle Woods,North,Books,Credit Card
Dana Nguyen,check,59,207.86,Port Phillipport,2024-04-03,Michelle Mills,West,Electronics,Credit Card
Cheryl Bradley,laugh,66,205.91,South Sherishire,2024-01-20,Alex Foley,West,Furniture,Online Payment
Walter Pratt,take,40,338.98,Tinatown,2024-04-26,Sherri Tucker,West,Furniture,Credit Card
Bobby Flores,describe,88,178.91,South Valeriechester,2024-02-17,Cory Johnson,East,Furniture,Cash
Tasha Rodriguez,sound,47,359.75,Jeremybury,2024-03-16,Sonya Boone,South,Furniture,Credit Card
Michelle Kelley,language,89,323.2,Lake Denise,2024-05-08,Jennifer Cruz,South,Books,Credit Card
Kimberly Maynard,production,82,205.59,New Catherineport,2024-02-14,Kimberly Henderson,North,Food,Debit Card
Laurie Wallace,spend,38,221.56,Toddbury,2024-02-21,Thomas Arnold,West,Books,Credit Card
Janice Johnston,dark,26,311.12,Watersburgh,2024-01-10,Kelly Martinez,West,Clothing,Cash
Collin Lopez,executive,78,44.32,Howardtown,2024-01-02,Sara Quinn,East,Furniture,Credit Card
Mary Alvarez,away,73,412.98,Edwardhaven,2024-04-26,Mark Waters,West,Furniture,Cash
Peter Mcdowell,table,10,330.18,Catherinebury,2024-06-09,Dr. Keith Walters,North,Books,Online Payment
Sarah Villanueva,certain,21,365.91,Lake Julieside,2024-03-08,Timothy Wagner,East,Food,Online Payment
Kimberly Myers,make,81,273.09,Lake Franceshaven,2024-04-14,Tanner Hall,East,Food,Cash
Desiree Cain,fund,70,64.13,Mitchellland,2024-04-20,Tyler King,North,Clothing,Credit Card
Stephanie Lawrence,him,80,208.47,North Cynthia,2024-06-20,Douglas Johnson,South,Furniture,Online Payment
Lauren Hayes,film,48,208.63,Greenmouth,2024-05-12,Jonathan Hart,North,Books,Cash
Whitney Stark,such,65,167.31,New Rebecca,2024-02-22,Mary Prince,North,Food,Online Payment
Angela Salazar,take,83,24.68,Jenniferland,2024-06-17,Mr. Juan Harrell Jr.,East,Books,Online Payment
Mr. Ryan Sanchez,listen,89,371.25,Lloydton,2024-03-03,Ashlee Anthony,East,Electronics,Online Payment
Autumn Robinson,gun,50,63.79,South Sarahview,2024-06-27,Kimberly Hernandez,North,Furniture,Online Payment
Faith Cabrera,else,30,307.09,Jonathantown,2024-01-06,Marie Saunders,South,Clothing,Online Payment
Charles Wolfe,commercial,20,354.58,Jessicabury,2024-07-01,Brenda Rios,North,Clothing,Debit Card
Kenneth Kent,main,20,321.05,Jessicastad,2024-04-08,Lucas Lam,West,Books,Cash
Melanie Johnson,care,15,479.98,Harrisfurt,2024-05-29,Judy Ramirez,West,Books,Online Payment
Lisa Johnston,sea,40,60.62,Richardtown,2024-06-22,Courtney Dawson,West,Food,Cash
Jacob Hooper,grow,33,434.91,West Andrewberg,2024-04-28,Russell Williams,South,Electronics,Cash
Alex Woodward,suggest,66,24.3,Port Davidside,2024-01-01,Sharon Lawrence,North,Furniture,Debit Card
Caleb Clark,discuss,10,272.11,Tamarastad,2024-07-04,Thomas Owen,South,Electronics,Cash
Taylor Johnson,modern,58,208.08,New Christopher,2024-04-22,Natasha Mills,East,Food,Debit Card
Brian Green,clear,33,266.85,Lake Ryan,2024-03-16,Katherine Ryan,East,Clothing,Credit Card
Matthew Bell,bill,32,188.9,Andrewmouth,2024-02-16,Howard Barnes,South,Clothing,Credit Card
Jonathan Williams,not,75,103.38,Cynthiafurt,2024-03-30,Jessica Stein,East,Clothing,Credit Card
William Gonzalez,peace,24,19.37,East Jessica,2024-05-13,Paula Ramirez,West,Furniture,Cash
Nicholas Massey,point,36,263.89,Smithtown,2024-05-10,Michael Ray,North,Food,Debit Card
Caroline Chambers,light,76,422.96,New Victoria,2024-06-28,Russell Diaz,South,Clothing,Cash
Amy Lowe,shoulder,56,192.88,North Mitchellton,2024-06-10,Ryan Gomez,South,Food,Cash
Gloria King,friend,29,119.2,Port Jeremy,2024-04-04,Rachel Warner,West,Books,Online Payment
Jessica Thompson,contain,35,49.46,Larrystad,2024-02-26,Brittney Smith,North,Furniture,Online Payment
Jason Carroll,begin,1,51.8,Triciafort,2024-06-19,Sara Mcknight,West,Furniture,Online Payment
Emily Howard,recent,1,118.48,East Davidborough,2024-01-25,Terry Escobar,West,Food,Online Payment
Danielle Castro,four,37,59.01,North Donald,2024-03-15,John Sharp,North,Books,Credit Card
Patrick Rogers,common,54,139.87,New Anitashire,2024-01-06,Antonio Thomas,South,Electronics,Credit Card
Douglas Allen,expert,6,42.41,Chavezmouth,2024-02-12,Harold Conway,North,Food,Online Payment
Heather Roberts,worry,39,42.15,Smithhaven,2024-02-14,Mary Mcgrath,South,Furniture,Credit Card
Travis Schultz,heart,18,429.58,Jacquelineborough,2024-03-23,Mr. David Nixon,North,Clothing,Cash
Michelle Hughes,recognize,80,89.44,New Kevin,2024-05-27,Todd Brown,West,Books,Cash
Matthew Smith,sell,5,284.24,Emilyhaven,2024-05-07,Ronald Clark,East,Clothing,Cash
George Allen,but,43,388.99,South Ashleybury,2024-01-13,Vanessa Franco,West,Furniture,Online Payment
Jamie Hutchinson,budget,59,233.64,Bakerport,2024-06-04,William Gross,East,Furniture,Credit Card
Jennifer Morales,human,32,85.15,Port Leeview,2024-01-19,Tiffany Johnson,North,Electronics,Credit Card
Jennifer Bates,fund,2,107.8,Shannonville,2024-05-11,Daniel Molina,South,Food,Cash
Jeremy Green,song,66,222.16,Marcusland,2024-03-01,Amber Medina,West,Furniture,Debit Card
Joseph Freeman,generation,42,268.83,Clinetown,2024-01-14,Stephanie Benitez,East,Electronics,Cash
Nicole Henson,force,58,181.23,Port Tammymouth,2024-03-06,Heidi Robinson,East,Food,Online Payment
Eric Owens PhD,goal,36,392.93,New Jamestown,2024-06-03,Lauren Clarke,East,Clothing,Cash
Robin Lopez,total,12,378.0,North Kylemouth,2024-05-16,Elizabeth Walker,West,Furniture,Debit Card
Miss Angela Swanson DVM,sound,47,464.33,New Elizabethtown,2024-01-26,Karina White,South,Clothing,Debit Card
Michael Stewart,treat,83,24.19,Yangview,2024-03-24,Taylor Maddox,West,Books,Credit Card
Mitchell Smith,ability,92,448.89,Kristenview,2024-01-23,Mrs. Sarah Wong MD,West,Books,Credit Card
Kelsey Davis,current,1,202.36,Lake Richard,2024-01-22,Amber Browning,East,Books,Cash
Matthew Russo,reason,15,440.4,Velezport,2024-02-11,Cody Jones,West,Food,Debit Card
William Garcia,rate,54,348.48,Alexisshire,2024-01-20,Richard Duarte MD,East,Furniture,Online Payment
Jennifer Miller,five,13,493.8,Danielland,2024-02-03,Jeremy Martinez,South,Electronics,Online Payment
Jesse Sparks,purpose,43,382.05,South Stephen,2024-06-01,Amanda Jackson,North,Food,Debit Card
Brandi Meyer,culture,85,188.63,Joshuabury,2024-02-07,Stephanie Davis,South,Books,Debit Card
Hannah Wiggins,condition,76,255.52,New Tammy,2024-07-02,Michelle Flores,West,Books,Online Payment
Albert Williams,thus,69,194.43,Greenville,2024-02-08,Maria Wallace,South,Food,Online Payment
Kristin Potts,open,7,188.81,Lake Wendyside,2024-07-02,Danielle Adams,North,Electronics,Credit Card
Susan Williams,cold,69,137.84,Port Johnmouth,2024-04-13,James White,South,Food,Debit Card
Meredith Rios,may,48,253.03,Brianmouth,2024-03-12,Eileen Zuniga,South,Furniture,Online Payment
Stephanie Bowman,effect,4,344.05,West Nicole,2024-06-16,Daniel Mathews,West,Books,Credit Card
Joshua Clark,base,77,145.9,New Williammouth,2024-01-16,Adam Houston,South,Books,Debit Card
Alexa Hernandez,sell,53,266.95,Katherinemouth,2024-04-12,Barry Smith,West,Furniture,Debit Card
Richard Higgins,need,79,67.52,Port Michaeltown,2024-02-18,Matthew Williams,North,Food,Cash
Marc Williams,want,16,88.32,Guerraburgh,2024-05-07,Denise Thompson,North,Food,Online Payment
William Roberts,event,21,32.94,Rachelport,2024-07-01,Kristin King,West,Electronics,Credit Card
Joshua Carter,watch,59,485.66,Travismouth,2024-05-31,Robert Lloyd,West,Books,Debit Card
David Williams,season,24,11.89,East Michael,2024-06-26,Tracie Rice DVM,West,Electronics,Cash
Joseph Jones,born,80,97.5,North Morgan,2024-05-11,Gregory Harvey,South,Clothing,Online Payment
Gary Perry,approach,14,310.3,South Seanfurt,2024-02-23,Jessica West,West,Clothing,Online Payment
Terry Wells,human,86,49.87,West Anthonytown,2024-05-30,William King,South,Clothing,Cash
Vanessa Cooper,size,49,442.13,Coffeyborough,2024-07-01,Stephanie Herman,South,Clothing,Cash
Michael Simmons,behind,50,362.61,South Curtis,2024-05-18,Kimberly Preston,South,Electronics,Online Payment
Nicholas Kline,include,70,483.53,Hoffmanview,2024-02-07,Jennifer Bush,North,Furniture,Cash
Lori Bennett,major,42,258.74,East Brianview,2024-04-07,Clifford Boyer,North,Clothing,Debit Card
Margaret Jones,memory,36,157.2,Warrenshire,2024-02-07,Vicki Reeves,North,Clothing,Online Payment
Paul Brown,record,65,279.26,Lauriemouth,2024-02-23,Robert Morris,East,Clothing,Cash
James Stone,chance,96,466.1,Silvaview,2024-06-03,Alexandria Smith,South,Furniture,Cash
John Richards,seat,70,265.17,Jessehaven,2024-06-09,Benjamin Singleton,North,Furniture,Credit Card
Jenny Richardson,chance,95,140.93,South Alexandra,2024-01-16,Kurt Leblanc,East,Books,Online Payment
Debbie Waters MD,article,1,439.93,Lake Lisamouth,2024-02-10,Joshua Barnes,North,Furniture,Debit Card
Austin Boyer,will,51,192.24,New Teresaborough,2024-06-24,Timothy Hutchinson,East,Furniture,Debit Card
Stephanie Hayes,budget,37,10.68,New Johnside,2024-06-07,Jeffery Smith,North,Clothing,Cash
Barbara Sanders,city,35,131.37,Edwardbury,2024-06-24,Laurie Cook,East,Food,Cash
Andrew Gould,project,49,165.93,Fernandezchester,2024-04-29,Daniel Andrews,South,Food,Online Payment
Charles Gonzalez,call,94,430.8,South Jose,2024-05-16,Michelle Lawson,East,Food,Debit Card
Joshua Hernandez,they,4,234.67,West Stephanieport,2024-06-03,Katherine Walker,West,Furniture,Debit Card
Victoria Hernandez MD,international,99,227.85,Conniebury,2024-05-15,Mr. Terry Jordan,East,Electronics,Debit Card
Sherry Simpson,political,43,174.69,Smithville,2024-06-13,Jeffrey King,North,Clothing,Online Payment
Erica Jimenez,wait,78,441.53,New Mark,2024-04-03,Brandon Lyons Jr.,East,Electronics,Cash
Mr. Dakota Lynch II,between,22,473.06,North Bob,2024-02-16,Joseph Day,South,Clothing,Debit Card
Victor Nolan,father,74,496.03,New Eric,2024-01-14,Wendy Higgins MD,West,Electronics,Credit Card
Amanda Hernandez,beat,1,194.6,East Amy,2024-04-24,Mary Shelton,South,Furniture,Credit Card
Richard Kirby,part,11,483.41,Pricestad,2024-03-08,Robert Cox,West,Books,Credit Card
Michelle Roman,partner,44,398.02,Maxshire,2024-06-09,Kevin Brown,North,Electronics,Credit Card
Bradley Melton,black,59,341.09,East Briannatown,2024-05-27,Jeremy Ortiz,West,Furniture,Online Payment
Danny Williams,director,24,130.0,Kimberlystad,2024-01-01,Diane Wilkinson,West,Clothing,Online Payment
Ryan Rivera,tonight,60,116.06,Christophershire,2024-04-24,Sharon Davis,North,Electronics,Debit Card
Charles Douglas,small,3,91.36,Michaelchester,2024-06-13,Cynthia Hodge,East,Furniture,Online Payment
Kathy Santana,we,99,462.15,West Stacey,2024-02-29,Erica Martin,East,Books,Credit Card
Laura Gregory,five,63,154.1,Laurenborough,2024-05-08,Patricia Macias,North,Books,Credit Card
Norma Mooney,through,36,232.02,New Dennis,2024-02-03,Rita Davis,West,Electronics,Online Payment
Susan Harris,that,95,252.04,West Bonnieside,2024-06-24,Belinda Lamb,East,Electronics,Debit Card
Linda Petersen,interesting,68,391.3,New Gabrielview,2024-02-10,Rebecca Reyes,North,Electronics,Online Payment
Dr. James Willis,week,83,423.68,Bakerburgh,2024-01-04,Francisco Boyle,South,Furniture,Cash
Rebecca Sandoval,consider,47,78.15,Barnesville,2024-04-13,Michelle Parker,North,Electronics,Cash
Christopher Hunter,nice,21,219.18,Edwardburgh,2024-05-05,Rose Novak,South,Food,Online Payment
Austin Heath,local,82,423.0,Sethland,2024-05-15,Jonathan Phillips,West,Books,Cash
Elizabeth Russell,scientist,51,410.84,Lauraview,2024-06-01,James Malone,South,Furniture,Online Payment
Amy Davidson,example,28,60.18,Lorichester,2024-07-02,Mrs. Michelle Kemp MD,South,Furniture,Credit Card
Dustin Greer,south,15,86.63,East Eric,2024-03-31,Vickie Byrd,East,Clothing,Credit Card
Andrew Butler,green,42,159.06,Riddlechester,2024-05-31,Aaron Haley,West,Clothing,Cash
Scott Love DDS,produce,59,46.93,Port Aaron,2024-05-25,Sarah Sanchez,North,Furniture,Online Payment
William Jenkins,contain,66,218.08,North Scott,2024-05-17,Eileen Nunez,South,Clothing,Debit Card
Jasmine Williams,radio,37,62.73,Port Brettfurt,2024-04-29,Jessica King,East,Books,Online Payment
Christian Johnson,system,11,288.43,Colleenborough,2024-05-02,Meredith Johnston,West,Electronics,Online Payment
Lorraine Garcia,international,87,130.81,Smithbury,2024-04-12,Tyrone Howe,North,Books,Credit Card
Hannah Reyes,every,44,302.25,Mendezfort,2024-03-08,Jim Fernandez,West,Clothing,Credit Card
Katherine Ibarra,walk,12,67.59,Greenefurt,2024-04-28,Barbara White,West,Electronics,Debit Card
Julie Chen,want,3,488.18,Brownburgh,2024-06-08,Jillian Thompson,East,Clothing,Credit Card
Caleb Fleming,cost,52,466.95,Port Maria,2024-05-31,Shannon Moore,North,Books,Credit Card
Rachel Martinez,whom,81,201.98,New Cindyburgh,2024-02-13,Miguel Graham,East,Electronics,Credit Card
Rebecca Stark,color,33,128.67,Perezberg,2024-03-19,Amber Hart,South,Electronics,Debit Card
Melanie Patrick,thank,55,132.7,Andrewmouth,2024-05-24,Kathleen Arroyo,East,Clothing,Credit Card
Rachel Lopez,shake,1,246.86,Timothystad,2024-01-28,Nancy Stevens,South,Clothing,Credit Card
Jill Sherman,bed,39,29.6,West Ashley,2024-04-25,Molly Smith,West,Clothing,Debit Card
Richard Jones,development,20,323.46,South Heatherview,2024-03-12,Dennis Macias,South,Food,Credit Card
Timothy Tucker,public,47,210.07,West Alexis,2024-05-27,Thomas Davis,West,Furniture,Credit Card
Theresa Estrada,nature,43,194.93,Cindybury,2024-06-02,Jared Garner,East,Furniture,Credit Card
Cindy Davis,technology,57,406.59,East Melissafurt,2024-04-08,Christine Collins,East,Books,Debit Card
Stacy Chan,week,61,357.43,Port Jon,2024-04-08,Robert Robinson,East,Clothing,Credit Card
Jennifer Torres,space,78,477.62,Port David,2024-02-01,Jeanette Johnson,East,Food,Debit Card
Jeffery Knight,help,31,182.45,Cunninghamfort,2024-04-06,Michael Griffin,East,Electronics,Cash
Taylor Perry,Republican,25,449.8,Patriciafort,2024-01-15,Walter Odom,East,Electronics,Online Payment
Raymond Navarro,simply,3,387.28,North Julie,2024-02-10,Michael Adams,South,Food,Debit Card
Jeremy Parks,lose,4,185.14,Sandovalchester,2024-04-06,Sarah Mcdaniel,North,Clothing,Cash
Thomas Rivers,trouble,95,314.62,Kyleberg,2024-03-11,Earl Mercer,North,Clothing,Debit Card
Angela Jones,wear,99,151.4,Susanview,2024-04-01,Kimberly Wilson,West,Furniture,Debit Card
Allen Bailey,reason,14,438.46,Mckinneybury,2024-05-25,Cynthia Sellers,North,Clothing,Credit Card
William Fuentes,they,41,65.09,Mortonborough,2024-04-25,Charles Grimes,West,Clothing,Cash
Steven Clark,believe,73,114.09,South Kathryn,2024-03-22,Courtney Zuniga,South,Electronics,Debit Card
Michael Mays,glass,20,99.69,Johnsonchester,2024-02-19,Donna Williams,West,Clothing,Online Payment
Adam Wood,name,96,207.48,New Kelly,2024-02-04,Jenna Ramirez,West,Clothing,Cash
Larry Villarreal,language,73,375.16,Garciaview,2024-05-23,Allison Powell,East,Clothing,Credit Card
Brian Cooper,subject,27,268.18,East Karen,2024-07-05,Justin Mitchell,West,Food,Online Payment
Beverly Levy,story,67,248.96,Davidstad,2024-01-01,James Tran,South,Electronics,Online Payment
John Carter,five,53,10.27,Port Barbara,2024-06-30,Pamela Freeman,East,Furniture,Cash
Tina Fields,low,68,218.45,North Daniel,2024-06-16,Ann Williams,West,Furniture,Credit Card
Willie Garcia,table,62,41.14,Baileyport,2024-06-16,David Li,North,Books,Debit Card
Brooke Hurst,arrive,15,112.04,North Joshua,2024-05-06,Brandon Fitzgerald,West,Food,Credit Card
Regina Stewart,challenge,97,466.87,Danielview,2024-04-05,Rebecca Clark,East,Electronics,Debit Card
Paul Carter,happy,5,115.55,Jenniferside,2024-02-21,Jacob Morgan,North,Clothing,Online Payment
Angel Anderson,continue,68,430.59,Melissaside,2024-01-08,Monica Espinoza,North,Electronics,Debit Card
Blake Jones,money,12,403.42,North Matthewchester,2024-01-14,James Watkins,West,Food,Credit Card
Juan Yang,draw,87,87.98,Nortonshire,2024-04-26,Gabriel Hernandez,West,Clothing,Online Payment
Jay Walsh,woman,78,306.8,North Ronald,2024-05-07,Daniel Sanders,East,Furniture,Credit Card
Jeremy Wood,during,76,66.67,New Valerieview,2024-05-21,Natasha Schroeder,East,Food,Credit Card
Amy Ortiz,attention,57,366.67,Pamelaberg,2024-01-07,Mary Holland,North,Clothing,Credit Card
Nicholas Flores,car,17,322.36,North Davidstad,2024-06-03,Amanda Cain,West,Furniture,Debit Card
Edward Ruiz,whole,25,407.85,West Lisahaven,2024-03-07,Alan Morris,North,Furniture,Credit Card
Rebecca Hill,southern,30,244.9,Ryanville,2024-06-09,David Stewart,West,Food,Online Payment
Melissa Flynn,less,22,458.28,New Angelaborough,2024-04-18,Fernando White,East,Furniture,Credit Card
James Saunders,leader,26,34.18,Dawnfurt,2024-06-27,Danielle Brooks,North,Clothing,Debit Card
David Chavez,bit,81,153.52,North Natalie,2024-04-03,Robert Garza,West,Food,Cash
Brenda Ford,herself,61,360.38,North Danaborough,2024-06-14,Linda Wright,East,Electronics,Cash
Karen Harris,society,62,214.87,Hudsonville,2024-03-25,Aimee White,North,Electronics,Debit Card
Michael Montgomery,down,84,94.75,Clarkland,2024-06-08,Frank Hicks,North,Furniture,Credit Card
Edwin Mack,camera,34,62.53,Lake Kariberg,2024-07-01,Mrs. Nancy Ramos,East,Food,Credit Card
Kimberly Moore,future,33,410.5,Joeburgh,2024-04-20,Bradley Diaz,North,Food,Cash
Kaitlin Gregory,center,71,241.84,Port Paul,2024-06-20,Robert Williams,West,Furniture,Debit Card
Crystal Gill,decision,86,442.32,Port James,2024-05-03,Melissa Walters,North,Clothing,Debit Card
William Martinez,economic,32,369.31,Robertborough,2024-06-21,Scott Knight,South,Furniture,Cash
Amanda Scott,practice,14,210.77,Port Karenstad,2024-04-04,Mrs. Theresa Taylor,South,Clothing,Online Payment
Lauren Foster,officer,72,193.02,Wendyhaven,2024-05-31,Sharon Phillips,East,Clothing,Cash
David Campbell,forward,57,262.66,South Beth,2024-01-24,Billy Taylor,West,Books,Debit Card
Susan Larson,recent,25,445.64,New Rebeccaville,2024-02-09,Victoria Patel,North,Clothing,Debit Card
Ricky Torres,model,80,371.27,Ryanville,2024-06-17,Beverly Strong,North,Food,Credit Card
Joseph Wright,traditional,42,12.52,North Markville,2024-05-08,Anne Buchanan,North,Clothing,Debit Card
Carla Perry,gun,19,350.14,Tammyville,2024-01-10,Samantha Decker,East,Furniture,Cash
Joseph Berry,perform,41,460.56,Port Kristin,2024-03-12,David Wells,West,Electronics,Online Payment
Kim Jenkins,public,55,358.12,North Peterberg,2024-03-16,Dana Glenn,West,Books,Cash
Jennifer Osborne,tough,80,96.73,Jeffreybury,2024-06-21,Elizabeth Bailey,West,Food,Cash
Ebony Watson,medical,12,246.92,North Jennifer,2024-02-20,Garrett Dunlap,South,Electronics,Online Payment
Brooke Terry,week,39,78.75,South Thomasside,2024-03-07,Brianna Hall,East,Food,Debit Card
Kevin Taylor,mother,94,185.91,South Misty,2024-04-12,Elizabeth Wright,North,Clothing,Cash
Heather Kennedy,recognize,2,469.19,New Lisa,2024-04-25,Brandon Hendricks,South,Books,Cash
John Neal,unit,96,462.42,Greggport,2024-03-06,Dr. Bradley Hall DDS,South,Electronics,Online Payment
Matthew Brown,expect,45,148.59,South Shannonfort,2024-06-09,Donald Johnson,West,Electronics,Credit Card
Patrick Williams,staff,89,176.42,Kristiborough,2024-01-28,David Stewart,East,Books,Debit Card
Allison Ruiz,fine,25,304.1,Caldwellborough,2024-03-04,Brandy Ortega,West,Books,Online Payment
Alexandra Rose,affect,68,481.97,Bellview,2024-01-30,Maria Wheeler,South,Furniture,Online Payment
Sean Parks,prevent,83,82.42,Jacksonside,2024-01-24,Hunter Duncan,West,Furniture,Cash
Maureen Smith,return,4,135.89,Rodriguezbury,2024-05-21,Jeremy Russo,East,Clothing,Online Payment
Marc Key,pretty,77,438.04,Evelynshire,2024-03-10,Brian Kim,North,Books,Cash
Melissa Acosta,whom,36,251.03,Adrianmouth,2024-01-18,Derek Myers,South,Clothing,Credit Card
Paul Roberts,couple,87,450.49,South Jeffrey,2024-02-22,Jason Taylor,North,Books,Credit Card
Joel Rivera,expert,62,100.9,Andrewton,2024-06-25,Tami Hall,North,Books,Cash
Javier Prince,deal,70,271.01,Penningtontown,2024-03-09,Edward Phillips,West,Books,Debit Card
Jermaine Fletcher,month,88,169.87,Lake Brandonchester,2024-03-18,Thomas Harper,South,Electronics,Credit Card
Beverly Lozano,official,44,165.11,Shawntown,2024-07-08,Edward Bush,North,Food,Cash
Richard Price,security,33,228.97,Rodriguezview,2024-01-21,Mr. Wyatt Smith DDS,East,Food,Online Payment
Jean Robinson,these,12,222.21,Port Matthewton,2024-06-15,Dustin Romero,South,Electronics,Cash
Todd Willis,break,85,185.1,Desireeville,2024-03-01,Susan Zavala,South,Furniture,Debit Card
James Young,forget,11,458.34,Lake Aliciaville,2024-04-23,Leslie Walker,West,Food,Debit Card
Cody Brown,less,55,368.55,East Brittanychester,2024-01-28,Maurice Carpenter,East,Electronics,Credit Card
Carrie Bishop,contain,38,366.5,Craigburgh,2024-06-12,Jamie Martinez,East,Furniture,Online Payment
Michele Hunt,break,29,152.06,Port Ericbury,2024-03-16,Derrick Roman,North,Books,Debit Card
Shawn Gomez,anything,3,293.08,South Samantha,2024-04-08,David Carter,North,Furniture,Online Payment
Mark Black,lose,28,391.8,Ricardoton,2024-02-24,Chris Delgado,South,Books,Debit Card
Tina Spears,next,84,399.84,Rosalesbury,2024-06-29,Steven Hernandez,West,Furniture,Cash
Lauren Henry,newspaper,90,178.82,South Hannah,2024-07-03,Alan Green,West,Food,Debit Card
Cindy Adams,option,24,387.73,Jonesbury,2024-02-19,Lorraine Hicks,West,Clothing,Credit Card
Christopher Smith,position,54,370.59,East Ryanfort,2024-03-10,Timothy Allen,West,Electronics,Online Payment
Brenda Buchanan,order,52,79.34,Scottborough,2024-06-23,Amy Richardson,North,Clothing,Online Payment
Tracy Sanders,office,47,434.31,New Wandafurt,2024-02-01,Keith Jones,West,Books,Credit Card
Jody Morgan,sing,21,226.25,Lake Trevor,2024-04-19,Hannah Miller,North,Furniture,Online Payment
Stephen Norton,reason,54,248.34,North Natalie,2024-01-11,Jeffrey Peterson,West,Food,Debit Card
Jesus Nguyen,how,30,229.7,Aguilarmouth,2024-01-22,Michael Nolan,North,Electronics,Online Payment
Andrew Wood,truth,68,288.24,Riveraside,2024-02-07,Kim David DVM,East,Books,Credit Card
Joseph Lopez,kind,36,314.37,Port Caleb,2024-04-01,Jason Lopez,West,Books,Credit Card
Michael Fitzgerald,friend,40,254.11,West Sandy,2024-01-18,Amanda Torres,South,Electronics,Credit Card
Scott Scott,political,10,434.73,Johnhaven,2024-03-02,Steven Kim,South,Books,Credit Card
Micheal Williams,style,74,317.59,Nelsonfurt,2024-06-16,Kim Martinez,South,Books,Debit Card
Andrea Murray,green,42,206.7,Juliaborough,2024-02-12,Alexis Lopez,East,Books,Debit Card
Amber Lamb,dream,24,214.18,West Kevinville,2024-02-19,Jennifer Anderson,West,Food,Cash
Julia Wilson,give,4,407.31,South Sherri,2024-06-01,Jessica Stevens,South,Furniture,Cash
Brett Cannon,miss,47,180.61,West Jason,2024-03-27,Phillip Mills,North,Books,Online Payment
Thomas Alexander,check,91,113.61,Camachobury,2024-02-02,Jessica Davis,West,Clothing,Debit Card
Jeffery Fischer,nature,51,39.1,Alexandrastad,2024-03-24,Mark Chan,East,Books,Cash
Amanda White,seven,4,439.25,Royshire,2024-05-01,Angela Pitts,West,Books,Cash
Carl Pitts DVM,sing,32,460.09,Gonzalesville,2024-02-09,James Reeves,South,Clothing,Cash
Jeffrey Hawkins,three,10,68.86,Lake David,2024-04-17,William Blackburn,North,Books,Debit Card
Joshua Harris,agree,11,173.89,Josephfurt,2024-04-11,Jonathan Torres,South,Books,Cash
Jeremy Jacobs,single,28,95.93,Gonzalezburgh,2024-04-16,Melissa Shah,North,Food,Cash
Debbie Hall,meet,46,66.79,South Ronaldchester,2024-03-29,Christopher Hill,North,Electronics,Credit Card
Richard Garcia,sure,72,450.93,Williamsfort,2024-02-06,David Robbins,East,Furniture,Credit Card
Danielle Mitchell,challenge,40,37.87,North Austinside,2024-04-04,John Reid,West,Clothing,Online Payment
Mary Harmon,ability,62,490.44,East Rachel,2024-05-16,Andre Webster,South,Food,Online Payment
Shannon Martinez,become,86,57.26,Ronaldhaven,2024-01-26,Donald Prince,East,Furniture,Online Payment
Bailey Mclaughlin,or,98,433.1,Sarahfort,2024-04-01,Kayla Willis,North,Food,Debit Card
Michael Warner,to,45,287.59,Lake Charles,2024-04-03,Susan Bruce,East,Food,Credit Card
Connie Decker,after,35,190.28,New James,2024-04-18,Joe Russell,South,Books,Online Payment
Joseph Leonard,together,35,177.75,North Patty,2024-05-22,Ryan Clark,South,Electronics,Credit Card
Mark Mitchell,certainly,89,381.11,South Joshuahaven,2024-06-29,Kevin Mayo,East,Books,Cash
Robert Tran,southern,34,164.14,South Stevenburgh,2024-03-10,Tina Ayala,North,Electronics,Online Payment
Kevin Johnson,try,6,332.09,East Desireetown,2024-05-12,James Harris,South,Furniture,Debit Card
James Daugherty,break,37,263.49,Gomezmouth,2024-04-28,Molly Boone,East,Food,Online Payment
Angela Hubbard,around,1,247.63,Lake Nancyhaven,2024-05-11,Susan Smith,North,Furniture,Cash
Patricia Hudson,full,76,451.57,West Vanessa,2024-04-07,Michael Hill,East,Books,Online Payment
Cindy Oconnor,whatever,35,281.78,South Michelefort,2024-05-28,Kyle Russell,East,Books,Cash
Olivia Gomez,forget,70,415.16,Port Javier,2024-07-08,Alex Robinson,North,Food,Credit Card
Lori Lester,region,54,365.53,Port Amyville,2024-05-15,Alicia Nguyen,North,Furniture,Credit Card
Roy Fox,daughter,81,28.89,Lake Kayla,2024-01-07,Amy Patel MD,West,Food,Cash
Jesus Smith,space,63,388.82,Morrisbury,2024-02-10,Jill Mendoza,West,Electronics,Debit Card
Matthew Guerrero,at,9,116.27,West Susanview,2024-02-01,Laura Bernard,West,Clothing,Debit Card
Troy Castillo MD,Republican,62,452.54,Lake Susanshire,2024-01-13,Kristy Ford,East,Furniture,Credit Card
Deanna Munoz,anything,2,31.03,North Stephen,2024-05-16,Lauren Rodriguez,East,Furniture,Credit Card
Samantha Floyd,son,82,173.21,South Michaelchester,2024-06-12,Amber Holland,North,Furniture,Debit Card
Anthony Johnson,drug,36,58.87,North Jennifer,2024-03-02,Jeffery Hendricks,South,Food,Debit Card
Tonya Cooper,sign,92,243.04,Port Ethan,2024-03-14,Karen Johnson,East,Furniture,Online Payment
Nicholas Barrett,cost,41,411.81,West Cassie,2024-04-06,Michael Clark,North,Food,Online Payment
Michael Torres,want,37,156.11,North Jerryshire,2024-03-18,Lauren Davis,South,Furniture,Credit Card
Joshua Oconnor,still,49,83.96,Lisamouth,2024-04-30,Shannon Russell,West,Electronics,Cash
Alex Burton,here,26,171.83,Joshuamouth,2024-04-11,Cheryl Archer,South,Furniture,Credit Card
Andrew Perez,identify,68,408.8,Tinaland,2024-03-19,Catherine Reynolds,West,Electronics,Cash
Andrea Brown,rate,36,78.79,Herreraville,2024-01-07,Travis Leonard,South,Clothing,Debit Card
Jenny Stafford,next,31,121.41,East Matthew,2024-04-24,Jennifer Bender,West,Electronics,Online Payment
Jeffrey Howard,president,30,43.74,New John,2024-06-30,James Turner,South,Books,Credit Card
Gary Hatfield,resource,34,355.8,Courtneyview,2024-03-02,Charles Lane,North,Electronics,Credit Card
Janet Ortiz,hold,19,203.66,New Lindaland,2024-01-28,Erica Robinson,West,Clothing,Credit Card
Joseph Fitzgerald,war,18,162.31,Stanleyville,2024-02-01,James Gutierrez,East,Books,Online Payment
Julie Williams,kid,94,362.13,Stevensland,2024-02-20,Jacob Martin,East,Furniture,Debit Card
Jennifer Myers,determine,85,174.63,Lake Stanleyberg,2024-05-03,Kimberly Joseph,South,Food,Online Payment
Charles Melton,including,3,366.61,Navarrochester,2024-05-16,Stephanie Boyd,North,Books,Cash
Morgan Hernandez,serve,70,409.45,West Ronaldport,2024-02-01,Alejandro Farrell,North,Furniture,Credit Card
Ryan Hoover,among,13,116.65,North Terri,2024-04-23,Jeffrey Graves,West,Electronics,Online Payment
Alex Drake,pick,45,487.17,Paynemouth,2024-02-02,Edwin Wagner,West,Clothing,Debit Card
Richard Sutton,since,67,89.56,New Elizabeth,2024-07-08,Carly Lopez,East,Clothing,Cash
Blake Pennington,dog,92,152.51,Port Jeffreyhaven,2024-06-14,Yolanda Anderson,East,Furniture,Debit Card
Lisa Ellis,outside,86,98.1,Taylorside,2024-03-30,Stephanie Walker,West,Furniture,Debit Card
Lance King,account,40,179.3,Lake Jamesport,2024-05-30,Johnny Curtis,East,Furniture,Credit Card
Morgan Johnson,various,40,245.23,West Brian,2024-06-07,Andrea Kim,North,Electronics,Credit Card
Amanda Davis,like,76,265.87,Heatherport,2024-01-20,Robin Lee,East,Food,Credit Card
Chris Young,sing,23,428.27,Andersonborough,2024-04-25,Timothy Whitehead,West,Clothing,Cash
Nicolas Sullivan,activity,31,445.83,Marissamouth,2024-05-22,Michael Edwards,South,Books,Cash
Johnathan Long,join,18,117.85,Aaronchester,2024-03-09,Tara Robinson,South,Food,Online Payment
Steven Pierce,class,71,315.22,Piercetown,2024-06-08,Todd Smith,East,Clothing,Debit Card
Patricia Duncan,stand,72,64.63,Lake Dakota,2024-04-29,Patricia Simmons,North,Clothing,Online Payment
Michael Bryant,deep,19,234.9,Hallview,2024-06-09,Jamie Peters,East,Furniture,Debit Card
Jennifer Crawford,at,93,167.94,Masonshire,2024-06-21,Nathaniel Jones,East,Electronics,Cash
Patrick Johnson,particular,44,165.09,Lake Christopher,2024-04-30,Cheryl Schwartz,South,Books,Online Payment
Lauren Parsons,provide,84,246.47,Lake Bobby,2024-02-13,Lauren Lane,South,Electronics,Debit Card
Michael Clark,carry,50,367.62,Baxterfurt,2024-04-14,Stacey Stewart,East,Books,Online Payment
Gina Good,word,42,43.9,Markborough,2024-05-04,Mary Henry,South,Books,Debit Card
Christine Knight,which,94,440.79,New Brenda,2024-04-28,John Brown,West,Electronics,Credit Card
Warren Middleton,wait,47,370.06,Port Travisbury,2024-03-19,Rickey Phillips,North,Food,Debit Card
Michelle Maldonado,store,22,96.48,West Ethan,2024-03-03,Matthew Cordova,West,Clothing,Online Payment
Thomas Lam,free,74,470.19,South Jesse,2024-01-27,William Kaiser,West,Food,Cash
Paul Smith,social,90,258.09,East Randychester,2024-04-22,Margaret Young,South,Electronics,Debit Card
Krystal Farley,fast,97,499.91,East Christinaport,2024-04-11,Samantha Huang,West,Food,Cash
Mario Morris,use,92,106.66,New Jamesfort,2024-06-02,Carolyn Drake,West,Clothing,Debit Card
Lindsay Archer,financial,74,272.11,Rodriguezstad,2024-04-27,Joshua Dunn,West,Food,Debit Card
Charles Williams,standard,29,152.22,Lake Stephenbury,2024-03-27,Tyrone Bean,East,Furniture,Cash
Timothy Fry,various,82,159.05,Port Craigmouth,2024-04-12,David Turner,North,Furniture,Cash
Dr. Robert Osborne,local,59,299.62,West Keith,2024-01-22,Lisa Brown,South,Food,Credit Card
Chelsea Dunn,guess,1,461.64,Port Aaronchester,2024-03-18,Eddie Castro,West,Electronics,Debit Card
Travis Thompson,need,87,404.58,South James,2024-06-11,Luke Byrd,North,Electronics,Cash
Matthew Moore,job,64,364.73,Stoneburgh,2024-03-13,Michael Pierce,West,Furniture,Online Payment
Jonathan Hogan,military,17,284.0,North Alicia,2024-02-26,Shane Love,South,Books,Credit Card
Nicole Baker,girl,37,461.93,Port Robertmouth,2024-03-05,Sandra Kirby,South,Clothing,Debit Card
Jeffrey Ewing,table,95,251.26,North Ashley,2024-03-26,Carl Richardson,West,Food,Cash
Theresa Medina,exactly,25,438.18,Stanleyborough,2024-04-19,Melissa Ramsey,East,Books,Online Payment
Wanda Lee,name,64,418.65,Byrdchester,2024-05-07,Steven Torres,West,Clothing,Debit Card
Rebecca Kirk,true,68,114.78,East Johnport,2024-06-14,Kelly Meyer,North,Food,Debit Card
Brittney Guerrero,fly,52,387.9,Meganchester,2024-06-05,Russell Schultz,South,Clothing,Online Payment
Kristine Ward,life,9,15.96,Lake Taraland,2024-07-07,Michael Clark,West,Electronics,Cash
Kristina Jenkins,strong,57,168.19,Cartermouth,2024-05-04,Desiree Jones,East,Furniture,Debit Card
Regina Perez,nor,92,122.49,Sharonland,2024-03-02,Rachel Chavez,North,Books,Credit Card
Joseph Pugh,go,94,258.36,Jasonchester,2024-03-15,Larry Miller,East,Books,Cash
Lynn Burton,institution,88,371.06,Bellberg,2024-03-29,Christopher Cooper,South,Books,Credit Card
Nicholas Wright PhD,religious,33,57.86,Onealland,2024-01-21,Billy Curtis,North,Food,Cash
Tony House,government,20,262.31,Deborahborough,2024-06-14,Todd Macias,East,Food,Online Payment
Jerome Manning,wonder,73,469.82,Lake Alicia,2024-07-06,Michael Houston,North,Clothing,Cash
Jordan Roman,international,72,122.04,East Jessicaside,2024-01-25,Marissa Wheeler,West,Clothing,Debit Card
Tina Martin,want,88,341.8,Drakefort,2024-04-06,Brian Wise,East,Food,Debit Card
Tanya Walters,someone,14,300.51,Howardchester,2024-04-04,Tammy Fleming,East,Furniture,Credit Card
Dawn Macias,fast,59,14.93,Kevinton,2024-03-26,Jo Singleton,North,Food,Credit Card
Lisa Davis,without,82,243.15,North Johnland,2024-02-04,John Parker,East,Food,Debit Card
Adam King,same,56,357.3,South Terryborough,2024-05-28,Megan Tucker,North,Food,Credit Card
Jasmine Rowe,address,65,31.55,West Shelbyburgh,2024-02-11,Ethan Tucker,North,Clothing,Online Payment
Jean Beard,difficult,76,440.97,Obrienland,2024-05-23,Brittany Carter,West,Furniture,Cash
John Gallegos,though,93,264.84,West Stephaniemouth,2024-02-03,Emily Rodriguez,North,Clothing,Online Payment
Michael Murphy,where,37,25.02,Port Jay,2024-05-16,Kevin Williams,West,Furniture,Online Payment
John Boyd,sell,26,119.96,New Dominique,2024-01-22,Katherine Morgan,West,Electronics,Credit Card
Keith Reed,manage,33,477.3,Port Shanemouth,2024-05-02,Roy Webb,South,Furniture,Credit Card
Connor Rodriguez,soldier,43,295.34,Lake Charles,2024-06-10,Randy Johnson,East,Electronics,Credit Card
Amanda Hebert,fire,15,62.66,North Danafurt,2024-05-16,Jennifer Lane,North,Clothing,Debit Card
Theresa Edwards,interesting,87,150.9,Kristenfort,2024-05-01,Kenneth Jones,West,Food,Credit Card
Victoria Hubbard,later,29,233.78,Laurenville,2024-03-08,Dillon Matthews,West,Books,Debit Card
Michael Larson,sister,21,20.27,North Mitchell,2024-01-25,Ruth Mckinney,West,Furniture,Online Payment
Eric Brown,sister,83,211.69,Cristinaborough,2024-06-01,Clinton Bennett,South,Furniture,Debit Card
Cesar Castillo,their,69,249.83,New Zachary,2024-06-10,Michelle Stokes,North,Books,Debit Card
Pamela Williams,total,23,129.4,Alexandraburgh,2024-04-21,Kristina Coleman,South,Food,Online Payment
Amanda Peters,without,84,298.43,West Carlos,2024-04-10,William Montgomery,North,Furniture,Debit Card
Lynn Herring,tax,8,379.09,Robertchester,2024-02-05,David Garcia,East,Electronics,Credit Card
Kevin Miller,rest,73,125.56,Alyssaville,2024-04-23,April Hanson,East,Electronics,Debit Card
Robin Harris,carry,62,314.04,Susanville,2024-05-05,Patrick Singh,West,Electronics,Debit Card
Michael King,wide,14,323.41,Port Brandon,2024-04-18,Bradley Fitzgerald,West,Furniture,Credit Card
Timothy Lutz,country,6,474.78,New Josephshire,2024-03-26,Mr. Kevin Johnson,East,Electronics,Online Payment
Steven Tran,me,1,391.36,Joeltown,2024-02-13,Victoria Garcia,West,Electronics,Debit Card
Kevin May,customer,9,425.69,North Andrewmouth,2024-02-13,Thomas Pace,West,Food,Credit Card
Peter Meyers,conference,80,250.31,Lake Jillland,2024-04-18,Gregory Guzman,North,Clothing,Cash
Matthew Bryant,probably,80,100.82,Jonathanton,2024-03-20,Amanda Reid,West,Books,Online Payment
Jimmy Moore,yeah,54,497.95,South Jesusview,2024-04-01,Matthew Kelley,West,Books,Credit Card
Matthew Alvarez,wish,12,73.38,East Amystad,2024-05-03,Kelly Pollard,East,Furniture,Cash
Kimberly Hoover,data,5,241.01,Samanthaview,2024-06-23,Jonathan Zamora,West,Furniture,Online Payment
Robert Miller,bank,40,43.37,Brianchester,2024-02-04,Matthew Murray,South,Furniture,Credit Card
Harold Hayes,true,93,472.49,Shellystad,2024-07-01,Anna Hood,North,Books,Online Payment
Kayla Archer,work,46,482.81,Mindytown,2024-01-09,Joshua Kemp,East,Furniture,Online Payment
Barbara Stewart,experience,27,362.5,South Matthew,2024-04-30,Monica Ochoa,West,Clothing,Cash
Nicholas Smith,morning,75,181.5,North Roger,2024-04-12,Ryan Owens,South,Food,Cash
Cheryl Gutierrez,thought,53,134.65,East Gregorybury,2024-02-21,Sean Hess,West,Books,Cash
Eric Price,move,50,140.0,West Stephaniehaven,2024-02-26,James Dean,North,Books,Online Payment
Randall Dawson,common,92,72.37,Brownstad,2024-04-07,Patricia Oneill,East,Food,Cash
Russell Jones,people,52,267.65,South Brittany,2024-01-19,Angela Armstrong,West,Clothing,Cash
Henry Winters,top,19,79.49,South William,2024-06-03,Jessica Daniel,West,Food,Online Payment
Megan Hart,crime,35,165.2,Faulknerborough,2024-01-05,Andrew Brooks,North,Clothing,Cash
Jennifer Johnson,recently,52,317.09,Theresamouth,2024-04-05,Jason Mendez,West,Furniture,Credit Card
Cheryl Hughes,memory,31,366.5,Jennifertown,2024-02-23,Corey Booth,West,Clothing,Credit Card
Caleb Bell,campaign,54,21.89,Goodwinville,2024-03-23,Adam Butler,South,Furniture,Online Payment
Luis Valdez,medical,59,220.76,Paulstad,2024-01-08,Mark Cross,North,Clothing,Credit Card
Jesus Spencer,write,44,329.54,East Melissa,2024-06-21,Travis Cohen,South,Books,Debit Card
Kathleen Miller,energy,56,428.09,Savannahfurt,2024-05-19,Caleb Nichols,South,Electronics,Credit Card
Scott Gibbs,leader,19,242.91,Jenniferborough,2024-02-18,Linda Wilson,South,Food,Cash
Deborah Wong,create,46,484.91,North Lauren,2024-04-02,Angela Williams,West,Furniture,Credit Card
Ronald Cook,but,88,140.16,East James,2024-01-09,Erin Lee,East,Furniture,Cash
Kaitlin Johnson,threat,66,16.62,Lindseyfurt,2024-06-08,Carl Walker,West,Books,Cash
Lori Mitchell,wrong,71,247.04,Port Daleside,2024-04-16,Melissa Daniels,South,Food,Debit Card
James Moore,arm,54,135.5,West Ericstad,2024-06-10,Carlos Stanley,North,Electronics,Online Payment
Bridget Thompson,name,49,413.62,Perryport,2024-07-02,Samantha Hernandez,South,Books,Debit Card
Margaret Sanchez,American,95,124.06,Tammychester,2024-04-01,John Collier,South,Electronics,Cash
Lori Dougherty,scientist,60,162.21,South Erica,2024-05-26,Timothy Norris,East,Books,Credit Card
Dr. Michael Williams,since,81,397.7,Taylorside,2024-04-03,Hannah Jefferson,South,Electronics,Online Payment
Douglas Jackson,believe,27,360.42,Logantown,2024-04-22,Derek Gutierrez,West,Electronics,Cash
Darrell Johns,strategy,36,283.45,Lake Michael,2024-04-12,Emily Smith,East,Clothing,Credit Card
Shawn Taylor,skin,59,355.42,North Jennifer,2024-03-06,Karen Carter,East,Clothing,Credit Card
Alexis Conrad,several,50,215.13,Michaelton,2024-05-07,Melanie Lee,South,Books,Cash
James Solis,between,74,12.6,Lake Samuelside,2024-05-13,John Parker,North,Clothing,Credit Card
Mrs. Samantha Hicks MD,use,45,15.56,North Spencer,2024-04-02,Nicole Smith,East,Books,Debit Card
Ashley Carr,yard,14,260.5,East Charlesborough,2024-03-23,Robert Kane,East,Electronics,Cash
Megan James,perhaps,71,50.81,West Nathan,2024-07-05,Cynthia Lee,East,Food,Debit Card
Jeffrey Mcintyre,certain,39,35.03,Heathertown,2024-04-15,Taylor Thompson,West,Electronics,Cash
David Taylor,choice,40,483.1,Christinastad,2024-02-23,Brett Jackson,North,Books,Cash
Kim Jones,order,9,430.91,South Christian,2024-04-30,Laura Glenn,West,Furniture,Debit Card
Matthew Church,determine,14,84.49,Knappberg,2024-01-08,Jason Hall,West,Books,Credit Card
Jeffrey Ruiz,race,8,10.33,Alvarezside,2024-06-18,Sandra Miller,West,Food,Online Payment
James Brewer,her,81,471.42,Alexandertown,2024-07-07,Jeffrey Parker,East,Clothing,Online Payment
Kevin Houston,history,23,146.38,South Toddtown,2024-01-14,Dr. Jason Powell MD,North,Furniture,Cash
Dr. Jacqueline Johnson DDS,black,80,101.09,New Brian,2024-01-18,Douglas Mills,West,Clothing,Debit Card
David Williams,big,90,348.84,South Coryberg,2024-02-14,Elizabeth Henry,East,Books,Online Payment
Robert Maynard,however,9,63.36,Andrewsport,2024-02-06,Beth Johnson,North,Electronics,Credit Card
Shawn Williams,middle,7,139.68,Smithside,2024-02-11,Jennifer Smith,East,Books,Online Payment
Alyssa Fisher,car,82,487.8,New Jayburgh,2024-02-23,Brian Hughes,North,Food,Online Payment
Jenna Middleton,government,72,323.34,South Tonya,2024-05-04,Richard Smith,East,Electronics,Credit Card
Lindsey Martin,painting,85,265.13,Leehaven,2024-06-12,Justin Jones,North,Electronics,Credit Card
Jason Lawrence,vote,90,204.98,New Thomasfort,2024-05-05,Leslie Bryan,North,Food,Debit Card
Diane Gordon DVM,nearly,67,389.51,Adamsmouth,2024-03-02,David Harrington,South,Books,Online Payment
Mark Miranda,Democrat,61,79.07,Christinaside,2024-05-07,Stephen Marshall,West,Food,Cash
Nicole Gonzalez,policy,17,484.0,Port Georgeton,2024-04-14,Peter Avila,South,Furniture,Cash
Cassandra Silva,door,57,431.95,Washingtonfort,2024-06-13,Rebecca Coleman,West,Food,Online Payment
Mark Carter,source,24,312.65,Rogerton,2024-02-03,Gary Ayala,South,Electronics,Online Payment
Michael Adams,picture,25,31.02,Lake Sarahmouth,2024-04-15,Mathew Smith,East,Clothing,Credit Card
Hannah Anderson,over,5,353.42,Tuckershire,2024-03-19,Christina Carson,West,Books,Credit Card
Carol Jordan,life,50,457.51,New Courtneyborough,2024-02-14,Philip Valdez,East,Clothing,Credit Card
Billy Page,player,88,267.04,Natalieberg,2024-02-17,Kelly Boone PhD,East,Electronics,Debit Card
Paula Gardner,few,31,183.57,Amandaburgh,2024-04-09,Susan Gregory,South,Furniture,Cash
Caroline Clark,beyond,55,68.94,Harrellville,2024-01-18,Jamie Garcia,West,Clothing,Cash
Joseph Fuentes,challenge,26,379.9,Patrickland,2024-01-05,Austin Flores,South,Books,Debit Card
Stephen Fitzgerald,kid,21,443.66,Loriberg,2024-05-28,Christopher Anderson,East,Clothing,Debit Card
Frances Wilson,those,98,59.12,Stokesfort,2024-03-12,Mark Lucas,South,Clothing,Online Payment
Sarah Ortiz,beyond,58,381.9,West Robertstad,2024-01-03,Ann Morse,North,Books,Online Payment
Stephanie Peterson,so,24,18.36,Kellychester,2024-02-04,Jeffrey Atkins,East,Food,Credit Card
Evelyn Neal,well,28,483.86,Adrianmouth,2024-02-29,Sarah Buchanan,West,Furniture,Cash
Victoria Manning,current,30,311.38,Jasonmouth,2024-03-19,Kaitlyn Morse,South,Books,Credit Card
Spencer Riddle,yeah,34,280.7,South Michellechester,2024-04-02,Mary Schneider,North,Food,Credit Card
Travis Hunt,series,54,155.02,New Ronald,2024-01-12,Amber Knapp,West,Books,Cash
Whitney Hess,case,52,465.35,Lake Crystal,2024-01-29,Christopher Dominguez,West,Furniture,Debit Card
Brittany Smith,could,87,140.29,Florestown,2024-05-10,Deborah Miles,North,Food,Credit Card
Michele Walls,window,8,415.79,Lake Kenneth,2024-06-22,Bradley Gibson,South,Electronics,Online Payment
Melissa Holland,rise,10,492.7,West Sarah,2024-05-13,Donna Martin,East,Electronics,Online Payment
Matthew Holden,exactly,55,393.86,East Joe,2024-03-11,Sarah Little,East,Clothing,Cash
Michael Mendez,fact,1,264.31,Walshport,2024-06-05,Beth Hernandez,West,Furniture,Online Payment
Ricky Smith,structure,84,42.38,East Deborah,2024-05-27,Jasmine Lee,West,Food,Debit Card
Ruth Castillo,require,37,241.48,Smithberg,2024-04-25,Dr. Marcus Smith,East,Clothing,Debit Card
Jesse Silva,garden,82,224.75,Davidsonland,2024-01-24,Janice Foley,East,Furniture,Cash
John Rowe,condition,21,109.37,West Meganview,2024-02-29,Dawn Murphy,South,Electronics,Credit Card
Kristina Wilcox,like,4,217.56,New Stacey,2024-01-29,Rhonda Hoffman,West,Books,Cash
Scott Mccall,see,43,185.3,Lake Melanie,2024-03-15,Noah Beck,East,Clothing,Online Payment
Ronald Atkinson,great,66,90.21,Kevinburgh,2024-05-09,Amanda Wright,East,Food,Debit Card
Kelly Franklin,office,21,226.27,Richardport,2024-05-15,Sandra Campos,East,Furniture,Debit Card
Michael Sullivan,black,37,138.77,Shannonchester,2024-03-22,Andrea Jones,South,Clothing,Debit Card
Chad Price,somebody,69,265.81,New Shawn,2024-05-08,James Lane,North,Books,Debit Card
Krystal Hendricks,believe,81,27.23,Kathychester,2024-06-15,Teresa Foster,North,Books,Cash
Angie Chapman,individual,48,454.05,Brownfort,2024-04-04,Hannah Blanchard,East,Furniture,Cash
Jonathon Gibson,activity,11,410.02,Conniemouth,2024-04-01,Samuel Molina,South,Food,Cash
Brian Whitaker,assume,95,280.76,Diazmouth,2024-03-03,Rebecca Johnson,North,Furniture,Online Payment
Matthew Kennedy Jr.,current,92,427.39,North Marieside,2024-05-19,Chad Adams,North,Clothing,Cash
Caitlin Phelps,gun,44,481.57,Debraport,2024-06-14,Cody Woods,West,Furniture,Debit Card
Briana Jones,learn,64,64.16,Richardmouth,2024-04-20,Derrick Newton,South,Electronics,Credit Card
James Benton,usually,32,319.11,West Erikachester,2024-07-01,Benjamin Valdez,South,Furniture,Cash
Deborah Hall,energy,21,499.02,South Ambertown,2024-02-02,Katrina James,West,Food,Online Payment
Charles Cain,suffer,71,494.07,Kimtown,2024-02-18,Annette Mora,North,Food,Debit Card
Sean Morrow,give,10,305.63,Duffychester,2024-06-21,Daniel Oneal,East,Furniture,Debit Card
Justin Smith,with,61,72.73,Lake Jennifer,2024-03-07,Cheryl Porter,South,Food,Online Payment
Kristin Campos,late,92,295.76,Zacharyside,2024-06-22,Christina Reynolds,East,Clothing,Online Payment
Michael Velazquez MD,perform,36,11.01,New Amanda,2024-03-02,Nicole Scott,South,Electronics,Debit Card
Grace Davis,candidate,84,107.47,Lake Danny,2024-04-30,Luis Taylor,East,Electronics,Cash
Darrell Roberson,get,77,478.5,Wilsonton,2024-02-03,Melanie Wright,South,Furniture,Credit Card
Danny Simpson,attorney,19,171.92,Lucaston,2024-04-21,Angela Landry,South,Furniture,Credit Card
Katrina Peterson,meet,75,322.81,Jenningsberg,2024-03-19,Mrs. Julie Johnson,South,Furniture,Cash
Kenneth Perez,political,99,147.62,New Denisechester,2024-05-24,Courtney Hanson,North,Books,Cash
James Chang,minute,98,474.43,Timothyside,2024-03-15,Sheryl Hodges,South,Clothing,Debit Card
Timothy Newton,finish,44,366.99,West Fernando,2024-03-05,Abigail Schneider,West,Furniture,Credit Card
Dr. Ian Cruz,election,4,171.53,South Jodi,2024-06-03,Robert Robinson,North,Furniture,Debit Card
Richard Morales,identify,13,397.96,Port Joseph,2024-03-04,Melissa Park,East,Food,Online Payment
Kaitlin Douglas,try,59,63.0,Jacobshire,2024-06-13,Patrick Gomez,West,Clothing,Cash
Thomas Reynolds,send,2,202.24,Edwardfurt,2024-05-24,Ronald Johnson MD,West,Food,Online Payment
James Miranda,artist,1,118.4,Port Jamie,2024-04-15,Thomas Harris,East,Books,Debit Card
Sharon Castillo MD,hair,40,345.03,Port Patrick,2024-06-07,Edwin Wilson,East,Food,Cash
Gregory Sanchez,glass,25,60.2,South Hannah,2024-03-20,Victoria Wade,West,Furniture,Credit Card
Tyler Porter,condition,59,204.54,Lake Codyport,2024-01-28,Amy Caldwell,West,Clothing,Cash
James Price,behind,37,145.56,North Brian,2024-03-27,Chad Banks,North,Furniture,Credit Card
Veronica Bray,opportunity,70,258.11,South Kellyfort,2024-06-18,Kayla Hampton,East,Food,Cash
Lisa Lowe,fact,7,181.45,Hillside,2024-01-16,Laura Riley,North,Electronics,Credit Card
Katelyn Edwards,yet,4,356.14,Amandaville,2024-05-06,Tyler Howard,East,Furniture,Debit Card
Anna Stewart,low,99,22.04,Vanessastad,2024-05-13,Rebecca Smith,North,Electronics,Credit Card
Crystal Ponce,according,41,320.65,New Tiffanyberg,2024-02-29,Jamie Silva,North,Food,Online Payment
Ms. Amanda Davis,strong,61,122.98,Bishopshire,2024-03-15,Faith Patterson,North,Clothing,Debit Card
Gabriel Wilson,task,34,141.67,Roseview,2024-02-07,Glenn Sanders,North,Electronics,Online Payment
Helen Hall,pressure,29,402.13,Lake Derrick,2024-01-05,Dr. Jeffrey Spencer,North,Electronics,Online Payment
James Smith,process,69,478.23,East Claytonton,2024-07-02,Corey Costa,West,Electronics,Debit Card
Larry Donovan,collection,27,165.11,Lake William,2024-05-14,Jacob Walters,East,Furniture,Debit Card
Patrick Gonzalez,total,97,415.13,Jessicaside,2024-04-11,Melissa Cannon,West,Food,Debit Card
Steven Mathis,chance,52,60.96,Stephanieville,2024-05-28,Elizabeth Williams,East,Clothing,Debit Card
Christopher Young,simple,74,320.65,Johnsonborough,2024-03-26,Gregory Harper,West,Food,Online Payment
Janet Aguirre,open,54,378.01,Smithchester,2024-02-12,Mark Robinson,East,Furniture,Credit Card
James Cannon,our,70,86.43,North Tiffany,2024-02-29,Christopher Lee,West,Books,Debit Card
Debra Aguilar,green,34,218.74,Robertport,2024-01-03,Frederick Johnston,East,Food,Debit Card
Samantha Byrd,response,8,447.43,South Steven,2024-05-08,Catherine Cruz,North,Electronics,Online Payment
Linda Davis,six,95,60.75,Abigailfort,2024-07-06,Samantha Smith,West,Electronics,Online Payment
Michelle Nelson,look,73,18.87,Coreytown,2024-01-02,Natalie Hartman,West,Books,Cash
Lisa Hopkins,three,85,299.39,Katherinemouth,2024-06-06,John Hahn,North,Furniture,Online Payment
Kenneth Keller,true,8,223.41,New Joshua,2024-06-25,Courtney Murray,South,Electronics,Credit Card
Jordan Martinez,room,68,401.36,South Henryfort,2024-02-26,Tabitha Hensley,West,Clothing,Cash
Thomas Martinez,author,86,462.49,Danaberg,2024-04-29,Juan Reed,South,Furniture,Credit Card
Julie Gibson,strong,92,156.59,New Chad,2024-06-06,Patricia Jones,East,Books,Debit Card
Jason Bennett,improve,68,200.32,New Gina,2024-01-01,Matthew Anderson,East,Clothing,Online Payment
Gabriela Short,tell,85,248.27,South Benjamin,2024-06-14,Peter Peterson,South,Clothing,Credit Card
David Castillo,expert,72,298.19,Karenchester,2024-01-12,Joe Case,West,Furniture,Credit Card
Allison Cummings,management,84,492.09,Jeremyville,2024-04-26,Bryce Camacho,East,Electronics,Online Payment
Jared Duran,federal,96,351.69,Gibbsfort,2024-07-08,Sabrina Pollard,East,Food,Credit Card
Jeffrey King,air,1,200.88,New Carolynshire,2024-02-16,Brittany Russell,West,Furniture,Debit Card
Darren Campbell,interview,6,139.25,Mccartytown,2024-04-09,Matthew Aguilar,West,Clothing,Online Payment
Linda Noble,town,92,472.87,Amandaville,2024-03-05,Christopher Heath,South,Food,Debit Card
Kelly Miller,agent,31,76.42,Michelleville,2024-03-11,Luis May,North,Furniture,Credit Card
Joseph Nunez,table,74,362.93,Bobshire,2024-06-18,Stephanie Goodwin,West,Food,Debit Card
Brittney Johnson,west,84,463.44,Port Lance,2024-03-09,Louis Jefferson,West,Clothing,Online Payment
Renee Cannon,lose,8,335.69,West Lynn,2024-06-01,Samantha Green,North,Electronics,Credit Card
Michael Jenkins,talk,22,217.3,South Maria,2024-01-17,Mary Smith,South,Books,Debit Card
James Cobb,bring,93,107.51,West Sandrashire,2024-04-10,Kevin Norris,East,Books,Online Payment
Tonya Barron,catch,9,190.06,Harrischester,2024-05-29,Tina Anderson,West,Clothing,Cash
Kelly Ramsey,surface,44,356.37,Russellfort,2024-06-19,David Lang,South,Furniture,Cash
Thomas Marquez,tell,47,328.27,East Timothy,2024-06-20,David Moreno,North,Furniture,Cash
Jessica Schultz,first,1,464.71,North Tyler,2024-04-22,Nancy Lopez,West,Furniture,Credit Card
Stephanie Duncan,girl,52,434.76,East Danhaven,2024-06-11,Thomas Gordon,South,Food,Debit Card
Jeremy Sanchez,finish,39,409.91,Lake Joy,2024-02-24,Cynthia Gross,West,Electronics,Cash
Sarah Peters,policy,90,456.61,Port Ronniehaven,2024-01-05,Kyle Medina,South,Food,Debit Card
Andrew Anderson,clearly,75,145.41,East Nicholasville,2024-07-08,Tiffany Kelly,East,Clothing,Cash
Michael Walker,middle,99,191.07,Atkinshaven,2024-01-27,Carl Trujillo,North,Books,Debit Card
Shannon Todd,such,88,196.15,Lake Stephen,2024-01-12,Anna Adams,East,Electronics,Cash
Matthew Mcneil,light,97,284.62,North Jamesville,2024-06-03,John Fowler,West,Food,Cash
Gina Jennings,account,84,337.43,New Shellyland,2024-01-14,Adrian Watson,West,Clothing,Online Payment
Justin Kelly,politics,27,150.49,North Sherriburgh,2024-07-04,Dustin Cook,East,Books,Credit Card
Jeffrey Alvarado,garden,79,19.54,Sharonshire,2024-06-23,Adam Diaz,East,Books,Credit Card
Julie Thomas,whatever,33,205.62,West Vanessa,2024-06-18,Suzanne Nguyen,North,Electronics,Cash
Nicole Finley,clear,71,161.18,Maryshire,2024-04-16,Luis Gonzalez,South,Clothing,Online Payment
John Fernandez,join,98,471.67,West Joshua,2024-03-05,Larry Lee,East,Furniture,Credit Card
Michele Smith,surface,45,445.25,Lake Dana,2024-06-19,Adam Wells,West,Electronics,Debit Card
Scott Richards,agreement,60,431.55,West Sarah,2024-01-15,Gabrielle Oconnor,South,Books,Cash
Jennifer Clark,fire,58,329.97,East David,2024-06-03,Charles Jones MD,North,Electronics,Debit Card
Zachary Taylor,today,51,178.7,Wellston,2024-04-24,Melissa Moss,East,Books,Cash
Katherine James,could,46,278.94,New Kylie,2024-05-22,Bradley Horn,North,Clothing,Cash
Angela Cordova,participant,5,409.46,Coreyton,2024-02-22,Ryan Russell,South,Clothing,Credit Card
Adrian Barnes DDS,surface,58,58.32,Johnsonborough,2024-07-04,Chad Lopez,West,Books,Credit Card
Patrick Saunders,task,94,402.53,Chaseborough,2024-01-29,Walter Johnson,East,Food,Debit Card
Walter Johnson,close,92,30.18,New Shannonchester,2024-03-07,Jason Austin,North,Food,Cash
Kayla Hernandez,bar,18,410.05,Clarkland,2024-06-01,Peggy Jones,North,Electronics,Debit Card
Kevin Ramirez,know,36,405.71,Travismouth,2024-05-01,Stephanie Martin,North,Electronics,Cash
Colleen Cruz,treatment,67,34.99,Lake Antonioville,2024-04-22,Mary Gilbert,East,Books,Debit Card
Gina Holloway,sometimes,21,317.31,Gonzalesmouth,2024-06-24,Jeffrey Mitchell,West,Clothing,Credit Card
Brandon Moore,music,46,256.2,West Johnbury,2024-05-05,Victoria Tucker,West,Books,Cash
Kristy Brown,treat,58,93.21,Kristinehaven,2024-02-17,Austin Wilson,West,Books,Cash
Karen Flores PhD,local,80,82.71,Karenfurt,2024-04-25,Theodore Stevens,West,Books,Cash
Jeffrey Beck,true,37,388.9,Heatherbury,2024-01-02,Toni Lawrence,South,Electronics,Debit Card
Pamela Mcclure,teacher,63,288.17,West Andres,2024-03-25,Rebecca Jackson,North,Clothing,Credit Card
Jeffrey Johnson,wind,5,491.67,North Christopherstad,2024-04-15,Aimee Kim,North,Food,Cash
James Cooper,nor,78,491.3,New Peterborough,2024-03-07,Marisa Perez,West,Food,Credit Card
Robert Lopez,quality,31,496.41,South Shannon,2024-03-24,John Douglas,East,Furniture,Cash
Kimberly Morgan,start,88,68.12,New Clayton,2024-05-24,Hannah Soto,South,Furniture,Credit Card
Candice Simpson,certainly,99,469.75,Lake David,2024-03-18,Melanie Waters,East,Electronics,Credit Card
Scott Rivera,whatever,36,129.84,Marthaburgh,2024-05-13,Courtney Williams,East,Food,Online Payment
Zachary Austin,kitchen,74,234.52,Lake Jordanchester,2024-03-15,Lisa Davis,East,Electronics,Credit Card
Richard Jones,term,91,381.13,Taraberg,2024-03-30,Jessica Taylor,West,Clothing,Cash
Kelly Callahan,group,56,109.77,Lake Johnborough,2024-05-11,Jordan Lloyd,South,Food,Credit Card
Karina Meyer,cause,27,287.49,Johnnyton,2024-01-23,Calvin Thomas,North,Furniture,Cash
Hannah Grant,role,23,101.05,Port Eddiefort,2024-04-12,Jessica Owens,West,Electronics,Online Payment
Whitney Steele,worker,77,61.32,Jasmineland,2024-01-02,Erin Perry,East,Electronics,Cash
Jennifer Lynch,or,80,67.11,Port Jameshaven,2024-03-26,Diane Klein,South,Furniture,Debit Card
Hannah Adams,here,99,185.24,East David,2024-02-20,Rebecca Wilcox,East,Food,Credit Card
Hannah Cooke,perhaps,91,12.28,South Morgan,2024-05-11,Melinda Elliott,South,Furniture,Debit Card
Cindy Clayton,concern,52,218.18,Garciastad,2024-01-23,Mrs. Briana Strong MD,West,Electronics,Cash
Mrs. Mary Hammond,tax,47,335.46,Stephenstown,2024-03-10,Elizabeth Snyder,East,Food,Cash
Robert Parker,beautiful,81,206.83,Newmanshire,2024-01-15,Brian Trujillo,West,Food,Credit Card
Tiffany Johnson,better,62,52.04,New Jenna,2024-04-05,Craig Dawson,North,Furniture,Cash
Ebony Wilson,eight,61,40.72,Mcleanhaven,2024-07-01,Daniel Madden,East,Furniture,Cash
Veronica Hunt,budget,48,146.28,Port Jennifer,2024-03-05,Kimberly Clark,West,Clothing,Online Payment
Jerry Perry,degree,1,92.96,West Jeremy,2024-06-21,Rita Thomas,East,Furniture,Cash
Jennifer Miller,mean,11,482.9,Liton,2024-04-12,Angela Bird,East,Electronics,Debit Card
Yesenia Thompson,west,76,84.1,Dicksonmouth,2024-03-17,Jessica Allen,East,Electronics,Debit Card
Jeffrey Hale,series,14,404.68,New Manuelmouth,2024-06-24,Adam Madden,West,Furniture,Online Payment
Russell Little,through,72,297.19,North Mark,2024-03-14,Megan Simpson,East,Books,Debit Card
Seth Stanley,real,95,288.95,Farmerside,2024-01-20,Amy Lopez,North,Furniture,Cash
Joshua Krause,yes,7,260.92,Blackburnport,2024-04-13,Angel Hernandez,North,Books,Credit Card
Michael Atkinson,dark,46,486.16,East Elizabeth,2024-05-01,Allen Bush,South,Clothing,Credit Card
Brenda Harper,ahead,31,188.28,Wilsonborough,2024-01-01,Charles Garcia,East,Furniture,Credit Card
Jennifer Aguilar,student,16,396.08,Robertsport,2024-02-04,Steven Mcbride,West,Books,Credit Card
Erik Stokes,tough,42,282.09,Adrianstad,2024-03-20,Maria George,East,Furniture,Online Payment
Jerry Martinez MD,however,39,203.86,Elizabethtown,2024-06-28,Rodney Graham,North,Clothing,Debit Card
Crystal Morton,girl,54,478.18,South Nicoleton,2024-05-04,Emily Brooks,North,Furniture,Online Payment
David Parker,everything,44,303.17,North Brian,2024-06-08,Kaylee Clark,South,Electronics,Credit Card
Sue Horne,hear,83,68.27,Larryland,2024-06-26,Beth Cline,South,Electronics,Online Payment
Paul Fox,performance,8,214.59,Port Christopherbury,2024-03-19,Sara Thomas,East,Food,Online Payment
David Campbell,entire,93,392.98,Port Marymouth,2024-03-08,Omar Brown,South,Electronics,Debit Card
John Zuniga,level,66,349.94,Cassandramouth,2024-07-04,Michelle James,South,Books,Credit Card
Michael Dickerson,when,42,459.01,New Mariafort,2024-01-07,Deborah Hawkins,East,Books,Online Payment
David Walker,natural,67,137.09,Robertstown,2024-01-12,Casey Gonzalez,West,Clothing,Debit Card
Charles Arnold,so,93,381.51,West Michael,2024-05-24,Kenneth Ellis,South,Furniture,Cash
Alexander Hall,American,79,235.34,Georgeborough,2024-04-28,Tyler Hutchinson,North,Furniture,Cash
Jennifer Stephenson,forget,92,291.07,Browntown,2024-01-31,Jacqueline Sanford,East,Electronics,Debit Card
Dana Castro,TV,32,477.97,Oliviaside,2024-03-09,Justin Anderson,West,Books,Cash
Lauren Jackson,like,94,489.85,Port Kent,2024-02-04,Joy Nelson,North,Electronics,Credit Card
William Evans,lead,51,432.18,Lake Richardview,2024-06-02,Amy Larson,East,Clothing,Credit Card
Rebecca Harmon,which,47,185.96,North Bill,2024-07-06,Geoffrey Kelly,South,Electronics,Cash
Rachel Boone,throughout,94,444.97,Lake Shaun,2024-03-29,Kara Bryant,South,Clothing,Online Payment
Christopher Wagner,dog,34,322.92,Port Jeffrey,2024-02-26,Jackie Ross,West,Books,Credit Card
Joseph Snyder,under,13,220.7,Kennethfurt,2024-07-06,James Young,South,Clothing,Debit Card
Brady Smith,sometimes,97,27.51,New Thomasview,2024-04-29,Adam Patterson,South,Electronics,Cash
Angela Nixon,since,81,387.36,Arthurstad,2024-04-03,Ashley Peterson,West,Furniture,Credit Card
Dr. Joanna Hill,size,67,256.03,Tiffanyshire,2024-05-06,Dylan Clark,North,Clothing,Online Payment
Gregory Foster,matter,73,395.23,Jesusport,2024-05-18,Ann Hill,South,Books,Online Payment
Stephanie Moore,administration,11,376.53,Aliciaport,2024-03-01,Stephanie Ingram,South,Books,Debit Card
Daniel Williams,nearly,91,398.85,Nicholefort,2024-05-30,Anthony Collins,East,Furniture,Cash
Kayla Jones,ten,28,157.32,Lake Chaseborough,2024-02-27,Ashlee Hall,North,Clothing,Online Payment
Jerry Strickland,pick,57,402.39,Lake Tracie,2024-05-06,Amber Thompson,North,Clothing,Debit Card
Brandy Sims,show,66,278.93,West Michelle,2024-01-20,Pamela Montgomery,East,Clothing,Credit Card
Alexis Hernandez,individual,65,241.93,Lucaschester,2024-03-11,Chelsea Young,West,Food,Debit Card
Holly Stuart,sell,70,340.81,Port Amber,2024-07-02,Ms. Jody Johnson,North,Electronics,Cash
Melissa Anderson,such,89,20.47,Codyborough,2024-02-03,Mason Murphy,North,Books,Debit Card
Nicholas Bass,top,35,60.14,Collinsshire,2024-04-05,Jade Myers,North,Books,Online Payment
James Wells,task,80,153.17,Port Robynton,2024-01-08,Ronald Gonzalez,South,Clothing,Credit Card
John Phillips,green,4,491.67,Lake Heatherbury,2024-05-16,Kathleen Stanley,South,Clothing,Debit Card
Susan Bailey,difficult,61,78.48,Santosmouth,2024-03-29,Shannon Hancock MD,South,Clothing,Online Payment
Jamie Riley,order,38,171.99,North Timothyfort,2024-06-01,Shelby Bishop,North,Books,Credit Card
Kathryn Craig,happy,44,35.02,Ibarraton,2024-03-24,Tom Mcfarland,East,Furniture,Credit Card
Sarah Lopez,finally,84,172.32,Amyside,2024-02-22,Kevin Mooney,West,Electronics,Debit Card
Jose Hicks,suddenly,89,166.96,Watsonfort,2024-03-12,Jacqueline Carter,West,Food,Debit Card
Kelly Mccullough,commercial,71,473.94,Lake Amber,2024-02-07,Joshua Mcdaniel,North,Books,Cash
Katie Mckenzie,cost,21,424.13,South Ashleybury,2024-01-02,Brianna Montes MD,North,Electronics,Debit Card
Glenn Hamilton,she,7,197.55,Lake Austin,2024-03-13,Jon Lee,East,Furniture,Debit Card
Matthew Williams,sense,29,22.14,South Matthewchester,2024-02-17,Christopher Robinson,South,Clothing,Credit Card
Tracy Ellis,fast,7,417.21,Douglasfurt,2024-04-28,Mariah Hernandez,South,Books,Online Payment
Dakota Garcia,decision,67,333.66,Andersonburgh,2024-06-21,Matthew Arroyo II,South,Food,Online Payment
Riley Smith,table,93,84.66,North Nathaniel,2024-04-12,Andrea Foster,North,Electronics,Cash
Teresa Lopez,your,93,498.07,Wilsonmouth,2024-01-23,Allison Romero,North,Clothing,Cash
Vincent Ward,by,70,59.11,Carlaport,2024-02-09,Joshua Castillo,West,Books,Online Payment
Alexa Ewing,he,74,434.89,East Alexandriaview,2024-06-02,Alexis Gonzalez,East,Electronics,Credit Card
Lawrence Hebert,simply,55,154.19,North Stephen,2024-03-15,Anthony Cisneros,North,Electronics,Online Payment
Emily Short,human,78,223.32,Burgessburgh,2024-06-13,Laura Berg,East,Furniture,Online Payment
Jonathan Cox,clear,22,399.77,Wesleytown,2024-02-29,Benjamin Meyer,South,Food,Online Payment
Kevin Casey,five,32,341.98,East Michael,2024-02-03,Jonathan Potts,West,Electronics,Online Payment
Patricia Smith,task,82,469.55,West Linda,2024-01-06,Robert Nelson,South,Electronics,Online Payment
Heather Clark,especially,36,314.36,West James,2024-03-22,Walter Harris,South,Books,Debit Card
Christina Lopez,see,9,57.93,Lake Nicholasport,2024-06-01,Amanda Diaz,South,Food,Online Payment
Matthew Carr,prevent,26,443.34,Adamston,2024-06-05,Matthew Wong,West,Furniture,Online Payment
Laurie Shepard,their,22,386.89,New Stephanieberg,2024-04-29,Sarah Benitez,East,Clothing,Credit Card
Susan Brown,computer,46,358.82,New Aaron,2024-03-13,Bianca Olson,West,Food,Online Payment
Amanda Holland,treatment,87,36.33,New Lisa,2024-04-29,Susan Turner,North,Food,Cash
Kathryn Barnes,into,17,204.15,Sandraburgh,2024-03-29,Kimberly Logan,West,Food,Credit Card
Thomas Howe,ahead,26,92.04,New Tom,2024-02-04,Michelle Tyler,West,Electronics,Cash
Michelle Morgan,region,38,412.73,Lake Tylerport,2024-04-22,Robert Miller,East,Food,Debit Card
William Sandoval,what,2,353.26,Lake Jennifer,2024-06-24,Brandy Patterson DDS,West,Furniture,Credit Card
William Lynch,than,6,442.71,Davidborough,2024-03-19,Andrea Hunt,South,Books,Cash
Steven Miller,bank,71,483.62,East Eric,2024-02-27,Debra Mack,East,Books,Cash
Caitlin Rodriguez,than,13,389.63,Torresport,2024-02-07,Joseph Murphy,North,Books,Cash
Miguel Franklin,cultural,91,497.17,West Jamie,2024-06-07,Adam Hampton,West,Electronics,Cash
Christopher Bradshaw,with,75,311.24,Mendozaburgh,2024-04-18,Carl Hernandez,East,Electronics,Debit Card
Melissa Hess,in,55,28.19,Port Russell,2024-05-08,Daniel Mcdowell,North,Books,Debit Card
Ashley Ayala,its,79,16.98,Victoriastad,2024-02-21,Linda Nguyen,North,Clothing,Debit Card
Nicole Olson,bar,63,177.63,Stevenberg,2024-03-07,Jose Garza,North,Electronics,Cash
Ariel Duran,ball,73,413.5,Bennettchester,2024-05-03,Kelly Fischer,North,Food,Online Payment
Richard Reid,require,72,434.41,New Brent,2024-04-27,Emily Bass,North,Electronics,Credit Card
Kimberly Jones,over,46,480.8,Lake Timothyton,2024-03-01,Jeanne Bryant,South,Clothing,Credit Card
Adrian Rowe,enjoy,6,41.91,Howellburgh,2024-03-13,Vanessa Scott,North,Electronics,Online Payment
Bryce Cruz,north,48,31.84,North Candiceburgh,2024-04-26,Natalie Walsh,East,Furniture,Debit Card
Stacey Edwards,author,60,457.51,Port Anthonymouth,2024-04-26,Elizabeth Williams,South,Electronics,Online Payment
Angela Myers,direction,43,159.47,Lake Kevinfurt,2024-05-16,Nicholas Soto,North,Furniture,Cash
Victoria Williams,game,68,283.41,South Richardmouth,2024-06-01,Jonathan Davis,South,Electronics,Credit Card
Thomas Johnson,situation,11,491.4,Lake Samantha,2024-06-15,Heather Beasley,South,Furniture,Cash
Jennifer Castro,local,58,206.22,East Misty,2024-05-19,George Lam,West,Electronics,Credit Card
Jennifer Mcclain,open,92,336.28,Colonfurt,2024-06-22,Maria Watkins,North,Books,Online Payment
Victoria Brown,sense,90,206.43,Madisonside,2024-04-22,Michael Oconnell,East,Food,Credit Card
Sherry Thomas,political,4,386.42,Port Ashley,2024-03-22,Teresa Lewis,East,Books,Credit Card
Bethany Clark,study,79,268.58,Shawnville,2024-05-19,Kimberly Contreras,West,Food,Cash
Sandra Ray,billion,83,126.39,Port Kevin,2024-05-30,Robert Acosta,South,Food,Cash
David Powell,spring,70,142.94,Lake Vincent,2024-06-05,Linda Watkins,East,Furniture,Credit Card
Mark Williams,condition,59,136.45,Velazquezmouth,2024-01-22,Andrew Sweeney,West,Clothing,Cash
Andrea Smith,take,5,270.84,West Trevorville,2024-03-14,Alyssa Mathis,East,Books,Debit Card
Raymond Wall,war,18,354.56,East Elizabeth,2024-06-30,Melanie Robles,West,Books,Cash
Teresa Wilson,collection,70,475.15,Nicolebury,2024-02-09,Ashley Norton,North,Furniture,Credit Card
Patrick Morris,space,64,350.1,West Matthew,2024-01-07,Matthew Walker,South,Books,Cash
Kenneth Brown,police,95,392.78,Port Stephanie,2024-05-14,Reginald Gallagher,North,Books,Cash
David Rivera,per,25,92.77,New Brandon,2024-06-04,Christina Sanchez,West,Furniture,Cash
Mr. Bradley Stewart,political,4,193.29,New Tracy,2024-02-10,Patrick Bush,North,Food,Online Payment
Jamie Castillo,anything,70,212.75,Grantfort,2024-04-05,Robert Gamble,South,Food,Online Payment
Benjamin Robinson,two,41,346.33,Harrismouth,2024-05-07,Christopher Wilson,East,Books,Debit Card
Sandra Dixon,left,37,154.99,Parkbury,2024-06-22,Rebecca Stevens,North,Furniture,Cash
Benjamin Moore,stand,59,158.61,New Jessicachester,2024-05-23,Rebecca Jackson,West,Electronics,Debit Card
Keith Beck,ever,50,184.39,Leslieville,2024-05-30,Matthew Phillips,East,Electronics,Debit Card
Krystal Bell,different,56,407.05,Lake Mary,2024-03-06,Darren Hernandez,West,Books,Cash
Monica Morales,not,25,293.02,Fergusonton,2024-04-08,Jesse Snyder,East,Electronics,Credit Card
Natasha Conway,ask,34,46.89,Lopezfort,2024-02-14,Beth Rivera,East,Furniture,Debit Card
Gregory Waters,minute,19,48.34,North John,2024-04-18,Bradley Lee,North,Food,Cash
James Rowland,back,98,191.93,New Anthony,2024-05-25,Katherine Marshall,North,Electronics,Online Payment
Jose Wright,adult,79,385.63,Kimberlyport,2024-02-18,Melanie Johnson,North,Furniture,Cash
Brian Graham,range,8,347.45,Annettemouth,2024-07-08,Alexander Ho,South,Electronics,Credit Card
Kimberly Stone,anything,54,356.91,West Cynthialand,2024-04-05,Michael Gaines,West,Furniture,Cash
Andrew Howard,phone,47,385.93,Hullmouth,2024-05-26,Robert Curtis,North,Clothing,Debit Card
Catherine Adams,cup,34,150.7,Kristenville,2024-05-18,Kyle Mayer,West,Clothing,Online Payment
Dr. Travis Smith,Congress,82,278.65,Lake Allenside,2024-06-18,Kevin Green,South,Furniture,Credit Card
Cynthia Pena,mind,30,276.24,Leahbury,2024-05-24,Leslie Brewer,South,Electronics,Online Payment
Stacy Vega,somebody,13,372.42,North Anitaport,2024-04-02,Jessica Vasquez,East,Food,Credit Card
Rachel Martin,reason,47,478.87,Cruzmouth,2024-07-05,Nicole Orozco,East,Clothing,Cash
Parker Fox,decision,33,146.22,Brownbury,2024-02-18,Karen Brown,North,Food,Debit Card
Mrs. Janice Roberts DVM,near,35,398.71,Hollymouth,2024-05-27,Lindsay Cummings,East,Books,Debit Card
Dr. Michael Lutz,fill,88,333.39,Kramermouth,2024-01-22,Scott Jones,North,Books,Credit Card
Vanessa Thompson,paper,26,294.32,North Christianton,2024-01-26,Russell Thompson,North,Furniture,Cash
Kenneth Good,sit,47,389.69,Michelleberg,2024-01-30,Mikayla Hall,East,Books,Credit Card
Sharon Fuller,out,53,472.58,West Brittanyview,2024-05-22,Angela Ortiz,South,Clothing,Cash
Jenna Richardson,begin,65,27.98,Lake Zachary,2024-02-22,Cassandra Jackson,South,Clothing,Credit Card
Daniel Estes,citizen,77,82.23,Paulaborough,2024-05-30,Jeffrey Roberts,East,Clothing,Credit Card
Sharon Dyer,hotel,74,380.58,East Christina,2024-05-31,Kendra Hart,East,Clothing,Credit Card
Cynthia Morgan,throughout,19,51.06,Montoyaberg,2024-03-02,Michael Thompson,North,Furniture,Debit Card
Erica Thomas,offer,5,262.9,West Juliefurt,2024-01-25,Emily Smith,South,Books,Debit Card
Krista Herrera,system,8,117.73,Erikaport,2024-05-31,Rebekah Potts,South,Electronics,Credit Card
Ashley Weeks,street,4,144.4,Riveraborough,2024-06-08,Kyle Dodson,West,Electronics,Debit Card
Michael Burke,a,49,353.9,Port Katherinechester,2024-01-09,Katie Miller,North,Food,Credit Card
Michelle Davis,use,77,24.79,West Charles,2024-07-08,Lisa Dawson,West,Electronics,Credit Card
Daniel Price MD,pressure,38,437.93,East Allison,2024-04-20,Michael Murphy,East,Clothing,Online Payment
Jason Simon,good,49,227.79,Collinston,2024-05-12,Tara Wall,East,Electronics,Credit Card
Tyler Munoz,reality,83,256.17,Riversmouth,2024-04-21,Jenna Brewer,East,Furniture,Credit Card
Justin Miller,force,52,274.62,Lake Warren,2024-05-17,Jason Bishop,South,Furniture,Online Payment
Melissa Barnes,wall,50,326.32,Millerbury,2024-04-07,Philip Richardson,North,Furniture,Online Payment
Michael Mcconnell,office,72,178.98,Fieldsside,2024-03-13,Christopher Montoya,West,Books,Online Payment
Janice Boyer,strong,91,59.54,Angelaton,2024-02-02,Heidi Mills,East,Books,Credit Card
Anthony Bird,draw,50,166.01,West Cherylberg,2024-03-13,Jamie Kaiser,West,Electronics,Online Payment
Lisa Hansen,partner,30,92.39,East Darlene,2024-03-31,Claudia Thomas,West,Books,Debit Card
Steven Farrell,fly,4,282.51,Boyerhaven,2024-06-18,Brian Rasmussen,South,Electronics,Online Payment
Mr. Michael Barber,actually,75,165.83,East Elizabeth,2024-06-13,Cynthia Myers,West,Clothing,Credit Card
Rachel Davis DVM,painting,85,479.45,North Tiffany,2024-01-08,Jonathan Franklin,North,Clothing,Online Payment
Lauren Rivera,itself,66,483.21,East Brendaland,2024-02-19,Todd Ruiz,South,Furniture,Cash
Linda Davis,health,21,313.86,East Johnborough,2024-03-31,Kenneth Ochoa,East,Books,Cash
Alicia Kramer,avoid,81,312.57,Richardchester,2024-03-12,Julie Barry,East,Clothing,Online Payment
Monica Davis,get,43,492.84,West Bridgetmouth,2024-05-02,John Romero,East,Clothing,Credit Card
Jenna Anderson,far,29,444.77,Martinezmouth,2024-02-29,Christine Carr,West,Electronics,Cash
Terri Nielsen,the,27,384.88,North Wandaport,2024-06-14,Richard Davis,East,Clothing,Online Payment
Sharon Gonzalez,space,88,163.66,Jenniferburgh,2024-03-16,Angela Bowman,North,Food,Online Payment
Terry Garza,half,53,189.11,West Stephanieport,2024-06-27,Crystal Jones,East,Food,Debit Card
Carlos Perez,tend,49,108.62,South Diane,2024-04-28,Victor Li,South,Clothing,Debit Card
Eric Navarro III,black,67,248.7,Lake Tina,2024-03-24,Shelby Carr,East,Furniture,Credit Card
Steven Beck,first,10,495.28,North David,2024-04-11,Peggy Keller,South,Furniture,Cash
Catherine Harrell,organization,3,456.95,South Brittany,2024-01-13,Chase Terry,West,Books,Cash
Joshua Castillo,church,90,67.99,Johnshaven,2024-07-04,Andrew Bradley,South,Books,Credit Card
Robert Nelson,he,91,22.34,Port Aaron,2024-03-22,Carla Martin,East,Furniture,Cash
Melissa Phelps,American,69,450.33,North Timothyborough,2024-04-01,Gary Maddox,North,Food,Credit Card
Rebecca Doyle,several,11,273.21,Ashleyland,2024-05-24,Kristy Davidson DVM,South,Furniture,Cash
Charles Clark,address,13,108.09,Lindaview,2024-02-29,Michael Martin,East,Furniture,Online Payment
April Martinez,third,98,340.09,Ronaldfurt,2024-02-18,John Young,North,Electronics,Debit Card
Mr. Fernando Robinson,quality,38,325.67,Lake Justinside,2024-01-04,Paul Gonzalez,East,Books,Debit Card
Eugene Ibarra,picture,40,69.82,Robertmouth,2024-03-21,Tammy Berry,North,Books,Debit Card
Matthew Gross,when,33,137.2,Bushton,2024-02-27,Larry Brown,North,Books,Credit Card
Chelsea Bailey,television,34,39.44,South Jenniferville,2024-04-28,Cameron Patrick,West,Furniture,Online Payment
Joshua Costa,institution,27,112.83,East Johnville,2024-06-10,Debbie Castillo,North,Food,Debit Card
Juan Jones,across,90,74.83,Lake James,2024-03-27,Erin Mendez,North,Books,Cash
Troy Kerr,lay,51,104.69,Ryanmouth,2024-06-25,Robert Hunter,East,Clothing,Cash
Samuel Baldwin,east,89,345.88,Harveyshire,2024-04-21,Tina Buckley,North,Electronics,Debit Card
Julia Henderson,tend,83,34.25,Lewistown,2024-04-24,Eric Sanders,West,Furniture,Debit Card
Kimberly Juarez,law,21,59.91,West Judith,2024-04-03,Jeanette Miller,East,Books,Credit Card
Barry Alexander,over,95,75.75,Kristinton,2024-03-15,Christopher Stone,North,Electronics,Debit Card
Jose Cooper,make,29,165.11,Clayside,2024-05-13,James Patterson,West,Furniture,Debit Card
Nancy Cruz,finally,73,156.39,Jasonport,2024-03-05,Matthew Carter,South,Clothing,Debit Card
Michael Weaver,tax,19,134.98,East Brianton,2024-05-21,Sean Brown,North,Food,Debit Card
Andrew Jensen,above,26,377.76,Lake Carl,2024-03-08,David Bradley,North,Furniture,Debit Card
Laura Perry,continue,25,499.03,North Jenniferville,2024-04-27,Christopher Patrick,South,Furniture,Debit Card
James Miller,road,40,271.65,South Michelle,2024-06-06,Crystal Ortega,East,Books,Debit Card
Barbara Nunez,page,29,472.66,Anthonyville,2024-01-25,Scott Patterson,East,Books,Online Payment
Carol Harris,look,25,204.34,New Jessica,2024-03-07,Michael Shaw,South,Clothing,Online Payment
Kyle Russell,note,19,62.27,Port Jesustown,2024-02-29,Nicole Rhodes,South,Books,Cash
Kimberly Fox,author,68,210.3,Bakerport,2024-04-21,Mark Smith,West,Electronics,Debit Card
Brandon Middleton,raise,45,155.1,Port William,2024-03-30,Alejandra West,North,Furniture,Credit Card
Carlos Lee,standard,84,251.77,Leachville,2024-01-28,Anthony Myers,West,Books,Online Payment
Margaret Reynolds,address,46,331.95,North Andrea,2024-04-10,Kimberly James,North,Food,Debit Card
Martin Baker,relate,55,235.91,Mooreton,2024-06-19,Robert Davis,West,Books,Cash
Margaret Morrison,animal,1,468.23,Jeffview,2024-02-09,Justin Reyes,East,Food,Credit Card
Gregory Mack,subject,11,443.53,Shannonbury,2024-02-29,Claire Ramsey,North,Electronics,Online Payment
Matthew Villegas,benefit,68,353.97,Nicoleside,2024-01-17,Valerie Knight,South,Books,Credit Card
Joseph Lewis,care,7,249.95,Mcculloughport,2024-03-29,Nicholas Arias,East,Electronics,Credit Card
David Ruiz,increase,92,74.53,Robinsonside,2024-01-28,David Clark,South,Electronics,Cash
Sara Roberts,identify,58,204.54,Rodriguezfurt,2024-02-18,Jill Johnson,South,Furniture,Debit Card
Nathan Beck,piece,71,355.16,North Judy,2024-01-23,Daniel Brown,South,Electronics,Debit Card
Sherry Davis,continue,20,149.59,Lake Michelle,2024-02-01,Joshua Scott,West,Electronics,Credit Card
Jon Salazar,similar,35,60.95,New Erintown,2024-03-10,Gabriel Herrera,South,Clothing,Credit Card
Crystal Taylor,discussion,51,454.87,Kellyborough,2024-07-01,Jeffrey Benton,South,Furniture,Credit Card
Cynthia Smith,rather,21,357.43,Ryanton,2024-04-09,Jordan Obrien,East,Electronics,Cash
Joseph Schultz,official,44,311.49,Reynoldsport,2024-05-16,Amy Hall,West,Food,Online Payment
Brianna Romero,box,1,398.32,Pedroview,2024-04-02,Christy Smith,North,Electronics,Cash
Nathaniel Ward,all,67,419.47,Rileyberg,2024-06-29,William Walker,South,Books,Credit Card
Cheryl Vang,tree,98,246.89,North Geraldmouth,2024-04-22,Danielle Hart,East,Furniture,Credit Card
Jessica Swanson,amount,13,441.78,Alyssachester,2024-01-08,James Riley DDS,West,Clothing,Credit Card
Andrew Alexander,indeed,16,459.05,South Bruce,2024-04-17,Natasha Jones,North,Furniture,Credit Card
Matthew Rose,into,34,143.06,Whitneymouth,2024-06-28,Lauren Hamilton,North,Clothing,Credit Card
Katherine Moore,team,24,307.7,Hudsonshire,2024-04-26,Candace Ortiz,West,Clothing,Cash
Kenneth Baker,fear,13,268.03,Lake Glennburgh,2024-02-05,Lisa Baker,East,Furniture,Cash
Todd Taylor,Congress,6,273.59,Scottshire,2024-07-06,Nathan Mejia,West,Food,Cash
Kimberly Giles,thousand,39,469.45,West Ryanchester,2024-05-11,Joel Griffin,East,Electronics,Cash
Elizabeth Harrison,husband,2,159.54,South Jamieport,2024-05-19,Catherine Klein,North,Electronics,Credit Card
Jacob Mcintosh,agree,11,491.88,North Karen,2024-03-22,Thomas Bailey Jr.,East,Books,Credit Card
David Williams,religious,7,452.04,Connorstad,2024-05-03,Karen Blankenship,North,Books,Debit Card
Melinda Lawrence,from,7,234.77,Hofurt,2024-02-09,Paige Smith,West,Clothing,Cash
David Willis,professor,39,410.55,West Sheri,2024-02-22,Joseph Cole,East,Food,Cash
Rebecca Martin,kitchen,76,386.83,North Curtishaven,2024-01-02,Jennifer Watts,East,Clothing,Credit Card
Meghan Perkins,natural,86,342.17,Rodriguezmouth,2024-06-22,Ana Smith,South,Food,Online Payment
Kelly Blevins,deep,51,166.72,West Matthew,2024-05-02,Joseph Rivera,East,Food,Debit Card
Lori Smith,wind,52,106.26,Mikemouth,2024-04-24,David Miller,North,Clothing,Credit Card
Kyle Wang,my,3,339.05,Christophermouth,2024-03-09,Zachary Davis,West,Clothing,Cash
Mark Moore,task,77,423.06,Danaberg,2024-01-01,Virginia Williams,North,Electronics,Credit Card
Samantha Oliver,heart,30,17.96,Richardsbury,2024-05-08,Brian Richards,North,Electronics,Credit Card
Douglas Adams,pick,10,324.97,East Rachelview,2024-05-04,Ann Pierce,South,Electronics,Debit Card
Richard Lane,else,73,227.01,Garrettberg,2024-03-02,James Foster,North,Clothing,Debit Card
Michelle Thomas DVM,research,6,450.06,Sarahview,2024-06-16,Kevin Haas,South,Food,Credit Card
Gary Walsh,alone,54,167.52,North Johnmouth,2024-03-04,James Powell,South,Food,Online Payment
Alex Phillips,just,66,242.35,Lake Shannonton,2024-01-20,Roy Stewart,South,Furniture,Credit Card
Ricardo Watkins,mind,44,262.24,Ericfort,2024-05-04,James Nunez PhD,West,Furniture,Cash
Shane Lewis,must,80,78.82,East Mathew,2024-02-07,Mr. Thomas Baker,East,Electronics,Credit Card
Shaun Hubbard,professor,63,359.32,West Tracyport,2024-01-18,Meghan Dunn,East,Electronics,Cash
Joseph Krause,anyone,77,416.93,Nortonstad,2024-04-15,Matthew Thompson,North,Furniture,Cash
Michelle Rios,third,48,38.38,North Kim,2024-03-15,William Mcconnell,West,Clothing,Credit Card
Tammy Evans MD,them,77,152.78,South Joseph,2024-01-09,Eric Stanley,North,Food,Online Payment
Cynthia Holland,decision,22,28.64,Meredithburgh,2024-07-01,Shannon Martin,South,Electronics,Credit Card
Elizabeth Richardson,ground,19,478.71,Perrybury,2024-03-16,Carla Rodriguez,West,Electronics,Cash
James Schneider,lot,90,336.91,Joshuaview,2024-05-18,Haley Thompson,West,Books,Online Payment
Ricardo Mitchell,should,14,482.46,Greggborough,2024-04-22,Kenneth Henderson,North,Food,Cash
Jessica Carr,create,95,270.43,West Kimberlyfurt,2024-02-25,Whitney Wheeler,North,Clothing,Online Payment
Kelly Martin,out,93,403.01,Stevenville,2024-02-17,Ashley Perez,South,Books,Credit Card
Brian Cruz,debate,86,193.46,Port Melindabury,2024-01-25,Allen Moore,East,Books,Cash
John Ruiz,difference,7,183.37,South Jaime,2024-06-14,Sherry Wilkins,West,Books,Cash
Brandi Jimenez,also,49,195.35,Katherineton,2024-04-18,Joseph Buchanan,East,Clothing,Cash
Carolyn Smith,decision,41,332.35,Port Adrian,2024-01-20,Jose Harvey,South,Furniture,Cash
Michael Valencia,call,27,186.13,Seanshire,2024-03-08,Elizabeth Morales,North,Electronics,Online Payment
Andre Collins,finally,31,451.18,Jacquelinemouth,2024-06-04,Douglas Huffman,East,Furniture,Debit Card
Tami Rivera,sometimes,6,491.8,Lake Susan,2024-04-18,Samuel King,East,Furniture,Debit Card
Bethany Davidson,game,16,24.91,Frankmouth,2024-02-10,Samuel Ayala,East,Books,Online Payment
Philip Barr,girl,64,104.88,Onealville,2024-05-13,Kevin Diaz,South,Electronics,Online Payment
Michael Gomez,significant,38,65.0,Lambertfort,2024-06-10,Kelly Andrews,East,Furniture,Online Payment
Jennifer Silva,focus,60,30.76,North Stevenchester,2024-02-06,Cynthia Maddox,South,Electronics,Online Payment
Ms. Jodi Davis,study,96,121.59,West David,2024-05-07,David Sanchez,East,Books,Online Payment
Kelly Haynes,charge,97,228.93,Griffinstad,2024-05-25,Kelly Jones,South,Electronics,Cash
Cynthia Walsh,couple,81,420.13,Colonport,2024-05-24,Linda Lopez,South,Books,Credit Card
Anthony Randall,part,33,118.69,Kennedymouth,2024-06-17,David Evans,West,Books,Debit Card
Elizabeth Rose,service,63,252.03,Christopherville,2024-04-10,Patrick Schmidt,North,Clothing,Debit Card
Megan Smith,just,11,465.51,East Gwendolynmouth,2024-03-21,Timothy Carter,West,Books,Debit Card
Brandon Mullins,fact,13,336.94,New Steventown,2024-06-08,Brent Gamble,South,Food,Credit Card
Craig Brooks,around,94,401.06,East Kathy,2024-05-05,John Smith,East,Food,Online Payment
Julia Gardner,you,65,279.99,Anthonymouth,2024-02-01,Robert Wilson,West,Electronics,Cash
Jennifer Garcia,idea,30,490.43,Lake Matthew,2024-03-25,Paul Gutierrez,North,Furniture,Online Payment
Nathaniel Edwards,subject,91,298.44,South Philip,2024-05-26,Nancy Smith,West,Furniture,Debit Card
Richard Oneal,surface,23,32.3,West Erikville,2024-05-03,Rhonda Moreno,North,Books,Debit Card
Luis Yang,bring,20,107.01,West Kimberly,2024-01-04,Samantha Buchanan,South,Furniture,Cash
Russell Sutton,something,6,208.34,West Larryview,2024-02-23,John Mcguire,West,Food,Cash
Christopher Scott,outside,37,304.63,New Elizabeth,2024-02-18,James Hill,North,Food,Cash
Carol Bush,structure,84,388.25,South Thomas,2024-06-12,Dr. Amanda Ford,North,Books,Debit Card
Kristina Smith,toward,6,212.41,West Cynthiafurt,2024-01-17,Lori Meyer,South,Books,Online Payment
Eric Mccoy,whose,93,357.93,West Mikeside,2024-01-01,Michael Bauer,West,Food,Cash
David Reyes,modern,77,397.04,Robertsland,2024-03-28,Ryan Richardson,East,Clothing,Cash
Kristopher Castro,commercial,27,165.46,Terryport,2024-02-27,Jennifer Beard,South,Furniture,Debit Card
Jeffery Drake,structure,84,489.84,Smithtown,2024-02-23,Steve Russell,East,Books,Credit Card
Tracy Morrison,husband,13,328.33,North Matthewberg,2024-05-31,Micheal Chapman,West,Books,Cash
Jose Kennedy,stock,8,441.69,Traciville,2024-06-20,Mary Reid,South,Electronics,Credit Card
Nancy Gilmore,doctor,53,282.41,Port Kyleport,2024-03-12,Ronald Garcia,West,Food,Credit Card
Dawn Nelson,it,81,373.39,South Jonathan,2024-01-08,Valerie Pacheco,South,Food,Debit Card
Shawn Mccullough,sound,30,387.57,Jordanchester,2024-03-22,Alexandria Johnson,East,Furniture,Cash
Alexander Wells,impact,1,455.04,Barbarafort,2024-05-27,Kim Potter,West,Clothing,Debit Card
Michele Lowe,career,88,83.67,Allenburgh,2024-07-02,Heather Yoder,South,Electronics,Credit Card
Brian Daniel,opportunity,80,283.56,Mitchellville,2024-06-19,Sarah Henderson,North,Furniture,Credit Card
Catherine Velasquez,program,75,219.91,East John,2024-01-07,Timothy Castaneda,North,Electronics,Debit Card
Lindsay Arnold,level,4,462.35,Joshuamouth,2024-04-30,Jessica Garcia,West,Furniture,Credit Card
Jason Owens,use,62,61.5,North Jamesland,2024-01-09,Christopher Bailey,East,Clothing,Credit Card
Jessica Smith,prevent,68,491.46,Alyssaton,2024-02-08,Jennifer Jordan,South,Food,Credit Card
Andrea Braun,risk,17,438.97,Carriefort,2024-04-27,Melanie Preston,West,Furniture,Online Payment
Michelle Steele,teach,74,46.17,Mosleyburgh,2024-01-01,Robert Welch,West,Furniture,Cash
Jennifer Ramirez,him,85,250.57,Gabrielleborough,2024-01-29,Joseph Price,North,Electronics,Credit Card
Alexander Woods,wide,57,361.6,New Lee,2024-01-17,Dwayne Martinez,North,Electronics,Credit Card
Nancy Smith,any,63,371.69,Port Benjamin,2024-02-09,Lisa Sutton,East,Food,Cash
Sandra Camacho,question,57,454.18,North Jamesville,2024-06-09,Stephanie Rodriguez,South,Electronics,Cash
Jennifer Padilla,practice,49,401.93,South Christopherborough,2024-04-09,Rachel Moore,South,Clothing,Online Payment
Amy Williams,network,18,162.36,Jenniferchester,2024-05-04,Charles Koch,East,Electronics,Credit Card
Mason James,drive,58,254.23,Port Kendra,2024-03-17,Patricia Wallace,West,Food,Debit Card
Pam Wise,direction,10,353.88,South Patrick,2024-06-24,Jesse Smith,South,Electronics,Online Payment
Wesley Spencer,must,63,77.83,New Kathychester,2024-03-20,Mr. Kenneth Hamilton,West,Food,Cash
Madison Nunez,instead,80,105.06,Dunlapchester,2024-05-15,Jacob Allen,North,Books,Credit Card
Michael Reynolds,mention,79,245.71,East Autumnburgh,2024-03-02,Dustin Reed,South,Electronics,Cash
Michelle Dickson,door,34,156.14,Sherriburgh,2024-01-21,Jeremy Brewer,East,Furniture,Credit Card
Sandra Willis DDS,owner,5,432.65,Huangstad,2024-01-20,Patrick Wilkinson,East,Electronics,Online Payment
Jacob Barnes,shoulder,17,297.28,Alvaradoport,2024-05-04,James Gomez,West,Clothing,Debit Card
Maria Jackson,bar,72,180.85,South Richard,2024-02-16,Taylor Green,West,Books,Debit Card
Jeffrey Alexander,now,63,425.93,Masonbury,2024-03-02,Susan Mendoza,South,Books,Online Payment
Darrell Rivera,bring,24,404.39,Millershire,2024-01-17,Tammy Barnes,South,Clothing,Cash
Mario Moore,claim,92,499.19,Foxmouth,2024-05-01,Nicholas Villanueva,North,Food,Online Payment
Kathleen Jones,until,8,425.18,Kimberlymouth,2024-02-04,Wendy Collins,West,Clothing,Online Payment
Tony Johnson,company,23,213.08,Waltersshire,2024-02-04,Claudia Hart,West,Clothing,Credit Card
Cassidy Pena,floor,99,72.47,Kathleenhaven,2024-04-13,Anna Black,East,Furniture,Online Payment
Dr. Jessica Reynolds,ahead,31,421.91,North Margaretport,2024-06-03,Jacob Watson,East,Electronics,Debit Card
Jeremiah Rubio,from,81,39.28,West Julie,2024-02-15,Troy Richardson,West,Food,Cash
John Huang,build,28,181.63,North Shellyborough,2024-05-16,Andrew Nguyen,South,Clothing,Online Payment
Bruce Briggs,catch,48,460.67,West Samuelland,2024-04-04,Tiffany Lambert,East,Electronics,Debit Card
Robert Turner,president,12,480.78,North Jillbury,2024-04-11,Jenna Hernandez,East,Clothing,Cash
Robert Rivera,public,88,323.88,South Davidshire,2024-04-28,Elizabeth Taylor,East,Books,Cash
Anthony Curtis,news,79,347.44,Charlesbury,2024-04-27,Ryan Ross,South,Clothing,Credit Card
Colleen Fitzpatrick,present,31,30.8,Chanland,2024-01-19,Monica Warren,North,Food,Online Payment
Kimberly Harris,strategy,91,262.1,Port Stephanie,2024-03-24,Ashley Wells,East,Furniture,Debit Card
Jessica Williams,couple,35,277.97,Hutchinsonmouth,2024-04-19,Cynthia Thomas,South,Electronics,Cash
Jackie Phillips,office,55,176.65,Johnville,2024-04-09,Robin Watson,North,Furniture,Credit Card
Andrew Williams,keep,82,43.61,Toddhaven,2024-02-14,David Buchanan,East,Clothing,Credit Card
Shawna Harrison,establish,36,122.16,South Jeffmouth,2024-04-08,Erik Hester,South,Furniture,Credit Card
Charles Meza,add,72,185.41,Port Karen,2024-05-19,Christine Martinez,North,Books,Cash
Rebecca Jones,southern,60,223.22,Williamstown,2024-03-05,William Hebert,North,Books,Credit Card
Richard Wilson,story,38,299.55,New Beth,2024-06-23,Brianna Anthony,West,Electronics,Cash
Taylor Reynolds,hit,69,363.97,Port Davidhaven,2024-02-22,Andrew Wagner,East,Clothing,Online Payment
Mitchell Griffin,certainly,54,165.64,East Jacquelineburgh,2024-04-09,Aaron Peterson,West,Electronics,Online Payment
Stacy Fernandez,another,14,171.19,Watsonland,2024-03-15,Erin Vaughn,South,Food,Credit Card
Jaime Atkinson,myself,20,19.65,Ayersberg,2024-03-27,Morgan Curtis,South,Books,Credit Card
Angela Hunter,direction,9,30.03,South Christina,2024-01-22,Roger Hatfield,East,Books,Credit Card
Shawn Wright,senior,97,136.33,Michaelview,2024-04-19,Krista Boyd,North,Electronics,Online Payment
Wendy Kemp,light,82,372.72,Jaclynfurt,2024-01-01,Christopher Foster,South,Food,Credit Card
Erica Hale,region,70,317.87,Johnbury,2024-05-06,Keith King,West,Furniture,Online Payment
Susan Allen,position,2,387.2,South Diane,2024-05-26,Anthony Jenkins,North,Books,Debit Card
Brittany Sullivan,expect,30,386.77,South Theresa,2024-03-20,Daniel Barnes,West,Electronics,Debit Card
Helen Campbell,state,6,429.72,East Mary,2024-06-18,Katherine Anderson DVM,North,Food,Credit Card
James Smith,keep,81,362.96,Elizabethton,2024-01-16,Richard Singh,South,Furniture,Credit Card
Patrick Schwartz,training,41,489.72,Jacobfort,2024-03-07,Nicholas Williams,South,Clothing,Online Payment
Breanna Wilson,would,23,450.42,Lake Sherri,2024-06-03,Emily Wells,West,Clothing,Debit Card
John Martinez DVM,staff,31,297.49,New Maureen,2024-02-27,Darren Obrien,West,Electronics,Online Payment
Shelby Jackson,as,20,298.2,Stevenchester,2024-04-15,Benjamin Levine,South,Food,Cash
Robin Morris,society,5,26.79,New David,2024-05-23,Laura Crawford,South,Food,Cash
Mrs. Rebecca Thomas,enjoy,21,499.28,Port Emily,2024-01-12,James Larsen,East,Electronics,Cash
Collin Wilson,perform,75,74.47,Lake Andrew,2024-06-21,Diana Patterson,South,Electronics,Credit Card
Dana Lloyd,exactly,68,372.77,South Davidborough,2024-06-18,Laura Mcconnell,South,Food,Online Payment
Tina Hampton,data,87,412.3,Clarktown,2024-01-10,Timothy Shaffer,East,Books,Debit Card
Kristin Johnson MD,green,61,192.8,Roseville,2024-03-13,Justin Carr,South,Electronics,Cash
Vincent Fisher,reflect,94,106.46,Stevenmouth,2024-02-05,Patricia Walker,West,Furniture,Credit Card
Robert Gillespie,book,42,58.39,Dickersonfort,2024-07-08,Manuel Torres,East,Clothing,Debit Card
William Sharp,run,41,376.82,Port Jacqueline,2024-01-20,Timothy Villanueva,East,Books,Debit Card
Mariah Smith DDS,those,61,231.8,Stephenton,2024-02-17,Michael Roberson,East,Clothing,Cash
William Frederick,executive,82,359.72,East Briannatown,2024-03-10,Wendy Adkins,West,Food,Credit Card
Michelle King,million,52,458.55,South Kendraborough,2024-04-10,Peter Smith,South,Clothing,Online Payment
Samantha Walters,hot,41,81.83,West Jimmyfort,2024-06-10,Valerie Fry,West,Electronics,Online Payment
Curtis Bradley,theory,60,460.39,Kelleybury,2024-07-03,Todd Smith,West,Furniture,Credit Card
Jennifer Li,finally,95,211.7,Petersenfort,2024-01-07,Bailey Arnold,South,Food,Credit Card
Deanna Johnson,article,30,159.58,Davenportmouth,2024-05-26,Joseph Erickson,West,Electronics,Cash
Erin Wu,evidence,98,472.1,North James,2024-03-05,Stacey Ayala,East,Food,Cash
Joshua Gonzalez,same,95,495.42,Chelseaburgh,2024-04-16,Maria Johnson,South,Clothing,Credit Card
Maria Mullins,box,38,107.46,South Katelynfurt,2024-07-01,Anthony Williams MD,North,Furniture,Debit Card
Jordan Payne,her,89,331.85,Thompsonton,2024-02-15,Monica Finley,North,Food,Debit Card
Manuel Cook,feel,17,62.18,Port Coreyville,2024-04-21,Angela Holmes,West,Clothing,Cash
Holly Wise,day,40,328.95,East Philipview,2024-02-13,Christopher Ryan Jr.,East,Electronics,Debit Card
Jack Castillo,whom,30,415.38,Port Catherinehaven,2024-03-02,Jessica Thomas,South,Clothing,Credit Card
Miranda Gross,grow,66,345.4,Millsmouth,2024-01-18,Brittany Vincent,North,Food,Online Payment
Stephanie Hardy,early,24,214.49,Lake Priscillaview,2024-06-17,Connie Aguilar,North,Books,Credit Card
Tammie Duran,effect,73,197.7,West Brianton,2024-05-11,Christopher Jones,West,Furniture,Cash
Sean Lopez,then,1,202.63,Baileyfort,2024-05-26,Kendra Brennan,West,Books,Debit Card
Jennifer Long,decision,88,298.96,Wendyburgh,2024-01-16,Anthony Sandoval,South,Electronics,Debit Card
Jeffrey Key,cup,38,441.97,Port Joanna,2024-01-11,Manuel Snyder,South,Clothing,Cash
Nancy Day,reveal,64,465.24,New Lori,2024-01-20,Michael Rasmussen,South,Furniture,Cash
Arthur Cantu,human,27,36.23,Port Joshua,2024-06-20,Daniel Williams,South,Electronics,Online Payment
April Bartlett,campaign,90,98.99,Guerraberg,2024-06-30,Christine Saunders,East,Food,Cash
Annette Moore,nor,90,64.99,West Lori,2024-06-27,Tammy Owens,North,Electronics,Credit Card
David Orr,enter,7,104.73,Lake Jeffreyland,2024-03-03,Chris Lawrence,West,Electronics,Debit Card
Joshua Coleman,red,89,179.84,Shannonstad,2024-04-07,Cindy Bennett,North,Clothing,Online Payment
David Edwards,concern,80,258.2,East Jamesbury,2024-03-16,Tonya Campos,West,Furniture,Debit Card
Dustin Franklin,half,42,318.44,North Jonathanburgh,2024-05-01,Sarah Watson,West,Electronics,Credit Card
Timothy Palmer,well,18,368.75,South Jordanstad,2024-05-13,Adam Murillo,South,Food,Cash
Jennifer Simon,include,81,446.15,Lake Desireefurt,2024-03-19,Sharon Hunt,North,Clothing,Debit Card
Miranda Sanford,agreement,44,494.65,Marcusmouth,2024-04-06,Mary Walsh,East,Food,Debit Card
Bradley Yates,understand,70,334.8,Bellmouth,2024-03-07,Carla Young,East,Electronics,Debit Card
Allison Vasquez,none,20,424.23,New Regina,2024-03-10,Michael Mooney,South,Books,Credit Card
Tiffany Bailey,relationship,23,391.24,Charlesborough,2024-05-02,Kara Robles,South,Clothing,Debit Card
Jeremy Manning,animal,12,160.69,North Joshuastad,2024-01-10,Deborah Kim,West,Furniture,Debit Card
Karen Lopez,nor,12,439.09,New Julie,2024-05-29,Sean Williams,North,Clothing,Credit Card
Allison Kelly,leader,34,30.95,Andradeport,2024-01-26,Robert Lynch,North,Electronics,Credit Card
Austin Davis,reveal,8,10.18,Sancheztown,2024-03-28,Jesus Chandler,North,Electronics,Online Payment
Jody Anderson,break,27,144.13,Port Andrea,2024-01-19,Elaine Mcconnell,South,Electronics,Online Payment
Emily Alexander,environmental,49,236.43,Port Richard,2024-04-15,David Ruiz,East,Food,Credit Card
Brittany Patton,summer,72,322.8,Chloeview,2024-03-07,Tammy Collins,West,Furniture,Credit Card
Katherine Fletcher,security,55,59.87,Lake Sarastad,2024-01-27,Tristan Carter,West,Books,Online Payment
Wendy Rowe,deep,97,339.77,New Michaelmouth,2024-03-21,Steven Collins,West,Clothing,Online Payment
Jorge Long,much,83,402.89,Janebury,2024-03-07,Crystal Morales,South,Food,Debit Card
Stephanie Davis,first,88,100.8,West Andrew,2024-01-07,Brian Le,North,Furniture,Debit Card
Kathy Thomas,since,22,213.41,West Jennifer,2024-03-27,Marco Miller,East,Electronics,Debit Card
Cheyenne Johnson,bed,3,264.79,New Joseph,2024-06-27,Paul Wolfe DVM,East,Furniture,Online Payment
Kenneth Williams,way,9,231.39,Port Lisa,2024-06-22,Jennifer Miller,West,Furniture,Debit Card
Kristine Hart,book,11,401.92,Melodyfurt,2024-03-20,Lori Horton,South,Food,Credit Card
Howard Anderson,month,6,480.66,Markchester,2024-04-28,William Webb,South,Food,Online Payment
Jacob Rivera,knowledge,39,401.49,Carterbury,2024-02-03,Martha Harris,East,Clothing,Online Payment
Lori Rodriguez,represent,39,48.22,West Meganmouth,2024-03-10,Ashley Gray,East,Books,Online Payment
Whitney Diaz,on,66,404.42,Pruittberg,2024-03-31,Joshua Ortiz,West,Books,Cash
Mary Alvarez,head,60,42.63,Gardnerland,2024-06-05,Keith Walters,West,Furniture,Online Payment
